state,district,year,population_000,income_mean,income_median,expenditure_mean,gini,poverty,lf,lf_employed,lf_unemployed,lf_outside,p_rate,u_rate,ep_ratio,gdp_real_p0,google_trend_annual_avg,google_trend_yoy_change
Johor,Batu Pahat,2020,495.3,,,,,,253.3,247.8,5.5,105.2,70.6,2.2,69.1,14327.8642,11.5,
Johor,Batu Pahat,2021,497.2,,,,,,250.2,244.5,5.7,109.5,69.6,2.3,68.0,,11.333333333333334,-0.16666666666666607
Johor,Batu Pahat,2022,497.5,7419.0,6347.0,4570.0,0.338,5.1,253.3,248.8,4.5,107.2,70.3,1.8,69.0,,16.833333333333332,5.499999999999998
Johor,Batu Pahat,2023,504.0,,,,,,258.7,255.0,3.7,108.4,70.5,1.4,69.5,,14.083333333333334,-2.7499999999999982
Johor,Batu Pahat,2024,510.1,9006.0,7555.0,5153.0,0.316,2.4,263.6,260.2,3.4,108.2,70.9,1.3,70.0,,11.083333333333334,-3.0
Johor,Batu Pahat,2025,511.8,,,,,,,,,,,,,,10.0,-1.083333333333334
Johor,Johor Bahru,2020,1711.2,,,,,,853.8,819.0,34.9,311.1,73.3,4.1,70.3,64279.001,,
Johor,Johor Bahru,2021,1715.4,,,,,,855.7,820.4,35.3,307.5,73.6,4.1,70.5,,,
Johor,Johor Bahru,2022,1723.7,9869.0,8232.0,6139.0,0.358,3.7,869.7,838.5,31.3,302.3,74.2,3.6,71.5,,,
Johor,Johor Bahru,2023,1761.6,,,,,,897.3,871.2,26.1,308.5,74.4,2.9,72.3,,,
Johor,Johor Bahru,2024,1799.1,10975.0,8977.0,6764.0,0.35,1.9,921.3,896.3,25.0,314.1,74.6,2.7,72.6,,,
Johor,Johor Bahru,2025,1814.4,,,,,,,,,,,,,,,
Johor,Kluang,2020,323.8,,,,,,165.4,158.4,7.0,65.5,71.6,4.2,68.6,9133.62,5.583333333333333,
Johor,Kluang,2021,325.3,,,,,,167.1,159.6,7.5,65.2,71.9,4.5,68.7,,4.833333333333333,-0.75
Johor,Kluang,2022,323.5,6461.0,5204.0,4399.0,0.354,7.2,167.9,161.3,6.6,64.1,72.4,3.9,69.5,,6.833333333333333,2.0
Johor,Kluang,2023,328.7,,,,,,172.5,167.0,5.5,65.2,72.6,3.2,70.3,,6.833333333333333,0.0
Johor,Kluang,2024,333.7,6616.0,6158.0,4748.0,0.292,5.7,176.6,171.6,5.0,66.6,72.6,2.8,70.6,,5.666666666666667,-1.166666666666666
Johor,Kluang,2025,335.2,,,,,,,,,,,,,,5.75,0.08333333333333304
Johor,Kota Tinggi,2020,222.4,,,,,,110.7,106.9,3.8,47.2,70.1,3.4,67.7,6356.232,72.58333333333333,
Johor,Kota Tinggi,2021,223.6,,,,,,111.5,107.2,4.3,46.6,70.5,3.9,67.8,,73.91666666666667,1.3333333333333428
Johor,Kota Tinggi,2022,224.9,7529.0,6227.0,4498.0,0.343,5.0,113.4,109.6,3.9,45.6,71.3,3.4,68.9,,72.58333333333333,-1.3333333333333428
Johor,Kota Tinggi,2023,229.3,,,,,,116.2,113.0,3.2,46.2,71.5,2.8,69.6,,66.25,-6.333333333333329
Johor,Kota Tinggi,2024,233.5,8106.0,6284.0,4949.0,0.379,4.2,119.6,116.7,2.9,46.3,72.1,2.4,70.3,,54.083333333333336,-12.166666666666664
Johor,Kota Tinggi,2025,234.7,,,,,,,,,,,,,,51.583333333333336,-2.5
Johor,Kulai,2020,329.5,,,,,,161.1,155.6,5.5,79.6,66.9,3.4,64.6,10526.6583,5.5,
Johor,Kulai,2021,328.2,,,,,,157.1,151.3,5.7,81.8,65.8,3.6,63.3,,4.666666666666667,-0.833333333333333
Johor,Kulai,2022,329.2,9177.0,7460.0,5646.0,0.337,0.4,159.1,154.0,5.1,80.9,66.3,3.2,64.2,,8.166666666666666,3.499999999999999
Johor,Kulai,2023,340.3,,,,,,165.9,161.6,4.3,83.6,66.5,2.6,64.8,,7.083333333333333,-1.083333333333333
Johor,Kulai,2024,351.3,10296.0,8406.0,6254.0,0.319,0.1,173.3,169.4,3.9,86.2,66.8,2.3,65.3,,6.25,-0.833333333333333
Johor,Kulai,2025,353.0,,,,,,,,,,,,,,6.083333333333333,-0.16666666666666696
Johor,Mersing,2020,78.2,,,,,,33.8,32.6,1.1,21.6,61.0,3.3,58.8,1851.2352,47.916666666666664,
Johor,Mersing,2021,78.8,,,,,,33.2,32.0,1.2,22.4,59.7,3.5,57.6,,36.5,-11.416666666666664
Johor,Mersing,2022,79.1,5426.0,4445.0,4032.0,0.339,12.7,33.6,32.6,1.0,22.2,60.3,2.9,58.4,,48.75,12.25
Johor,Mersing,2023,80.1,,,,,,34.3,33.5,0.8,22.4,60.4,2.4,59.1,,40.0,-8.75
Johor,Mersing,2024,81.0,6014.0,5335.0,4274.0,0.263,6.7,35.4,34.7,0.7,22.3,61.3,2.0,60.1,,39.0,-1.0
Johor,Mersing,2025,81.4,,,,,,,,,,,,,,38.583333333333336,-0.4166666666666643
Johor,Muar,2020,314.8,,,,,,151.6,148.1,3.5,71.5,68.0,2.3,66.4,7204.5068,12.083333333333334,
Johor,Muar,2021,315.8,,,,,,152.5,148.7,3.9,71.6,68.0,2.5,66.4,,11.333333333333334,-0.75
Johor,Muar,2022,314.0,7572.0,5724.0,4740.0,0.394,6.1,153.6,150.1,3.5,69.7,68.8,2.3,67.2,,16.583333333333332,5.249999999999998
Johor,Muar,2023,318.7,,,,,,157.7,154.8,2.9,70.9,69.0,1.8,67.7,,13.416666666666666,-3.166666666666666
Johor,Muar,2024,323.2,8401.0,7334.0,5541.0,0.306,2.1,161.4,158.7,2.6,71.2,69.4,1.6,68.2,,11.833333333333334,-1.5833333333333321
Johor,Muar,2025,323.9,,,,,,,,,,,,,,10.583333333333334,-1.25
Johor,Pontian,2020,173.3,,,,,,82.0,78.7,3.3,41.1,66.6,4.0,63.9,4301.9548,7.0,
Johor,Pontian,2021,174.2,,,,,,80.9,77.2,3.7,42.6,65.5,4.5,62.5,,7.333333333333333,0.33333333333333304
Johor,Pontian,2022,173.6,6913.0,5616.0,4535.0,0.361,5.1,81.5,78.6,2.9,41.8,66.1,3.6,63.7,,8.416666666666666,1.083333333333333
Johor,Pontian,2023,175.8,,,,,,83.1,80.7,2.4,42.3,66.3,2.9,64.4,,7.75,-0.6666666666666661
Johor,Pontian,2024,177.9,7011.0,5685.0,4856.0,0.341,2.0,84.4,82.2,2.1,42.4,66.6,2.5,64.8,,7.75,0.0
Johor,Pontian,2025,177.9,,,,,,,,,,,,,,6.333333333333333,-1.416666666666667
Johor,Segamat,2020,197.8,,,,,,103.2,99.5,3.7,42.6,70.8,3.6,68.2,4922.139,3.0,
Johor,Segamat,2021,197.4,,,,,,101.9,97.9,4.0,43.3,70.2,3.9,67.4,,2.75,-0.25
Johor,Segamat,2022,198.2,6578.0,5318.0,4426.0,0.34,7.4,103.3,99.7,3.6,43.1,70.6,3.5,68.1,,5.166666666666667,2.416666666666667
Johor,Segamat,2023,201.6,,,,,,105.9,102.9,3.0,43.7,70.8,2.9,68.8,,4.583333333333333,-0.5833333333333339
Johor,Segamat,2024,205.1,7348.0,6451.0,4870.0,0.292,3.1,108.9,106.2,2.8,43.9,71.3,2.5,69.5,,3.6666666666666665,-0.9166666666666665
Johor,Segamat,2025,204.3,,,,,,,,,,,,,,3.9166666666666665,0.25
Johor,Tangkak,2020,163.4,,,,,,76.0,73.9,2.1,41.6,64.6,2.8,62.8,5170.3524,2.0,
Johor,Tangkak,2021,164.0,,,,,,76.7,74.3,2.3,41.6,64.8,3.0,62.8,,2.0,0.0
Johor,Tangkak,2022,164.6,7093.0,5622.0,4198.0,0.371,6.9,77.9,76.0,1.9,41.5,65.2,2.4,63.7,,3.0,1.0
Johor,Tangkak,2023,167.1,,,,,,79.9,78.3,1.5,42.2,65.4,1.9,64.1,,2.75,-0.25
Johor,Tangkak,2024,169.4,7524.0,6374.0,4673.0,0.306,4.0,82.0,80.6,1.4,42.3,65.9,1.7,64.8,,2.75,0.0
Johor,Tangkak,2025,169.2,,,,,,,,,,,,,,2.8333333333333335,0.08333333333333348
Kedah,Baling,2020,142.6,,,,,,63.2,60.8,2.4,30.4,67.5,3.8,65.0,1525.7974,0.9166666666666666,
Kedah,Baling,2021,144.2,,,,,,63.9,61.9,2.0,30.4,67.8,3.1,65.6,,0.6666666666666666,-0.25
Kedah,Baling,2022,144.9,4263.0,3400.0,2732.0,0.347,14.4,64.7,63.2,1.4,30.1,68.2,2.2,66.7,,1.0833333333333333,0.41666666666666663
Kedah,Baling,2023,146.7,,,,,,66.4,64.9,1.4,29.3,69.4,2.2,67.8,,1.0,-0.08333333333333326
Kedah,Baling,2024,148.1,4345.0,3367.0,3041.0,0.324,14.7,68.2,67.0,1.2,28.7,70.4,1.8,69.1,,1.0,0.0
Kedah,Baling,2025,149.0,,,,,,,,,,,,,,0.9166666666666666,-0.08333333333333337
Kedah,Bandar Baharu,2020,44.4,,,,,,20.6,19.7,0.9,8.7,70.3,4.6,67.2,625.6151,0.0,
Kedah,Bandar Baharu,2021,44.4,,,,,,20.6,19.7,0.9,8.9,69.9,4.3,66.8,,0.0,0.0
Kedah,Bandar Baharu,2022,44.7,4565.0,3922.0,2751.0,0.291,3.9,20.9,20.3,0.6,8.8,70.5,3.1,68.4,,0.0,0.0
Kedah,Bandar Baharu,2023,45.1,,,,,,21.5,20.9,0.6,8.5,71.7,3.0,69.7,,0.0,0.0
Kedah,Bandar Baharu,2024,45.6,4835.0,4310.0,3006.0,0.339,5.8,21.9,21.4,0.5,8.6,71.8,2.5,70.2,,0.0,0.0
Kedah,Bandar Baharu,2025,45.6,,,,,,,,,,,,,,0.0,0.0
Kedah,Kota Setar,2020,374.1,,,,,,154.2,146.3,7.9,93.9,62.2,5.1,59.0,11000.6288,0.16666666666666666,
Kedah,Kota Setar,2021,376.3,,,,,,154.0,146.7,7.3,95.6,61.7,4.7,58.8,,0.0,-0.16666666666666666
Kedah,Kota Setar,2022,376.8,5959.0,4751.0,4253.0,0.348,5.1,155.5,149.7,5.8,94.8,62.1,3.7,59.8,,0.08333333333333333,0.08333333333333333
Kedah,Kota Setar,2023,379.3,,,,,,159.3,153.4,5.8,92.8,63.2,3.7,60.8,,0.0,-0.08333333333333333
Kedah,Kota Setar,2024,381.7,6034.0,5208.0,4495.0,0.328,5.5,162.6,157.4,5.3,92.1,63.8,3.2,61.8,,0.0,0.0
Kedah,Kota Setar,2025,383.4,,,,,,,,,,,,,,0.08333333333333333,0.08333333333333333
Kedah,Kuala Muda,2020,545.0,,,,,,223.9,215.6,8.3,146.1,60.5,3.7,58.3,11337.9669,0.0,
Kedah,Kuala Muda,2021,546.3,,,,,,226.3,218.6,7.8,144.3,61.1,3.4,59.0,,0.0,0.0
Kedah,Kuala Muda,2022,550.5,5624.0,4200.0,3840.0,0.404,13.8,229.8,223.9,5.9,144.1,61.5,2.6,59.9,,0.0,0.0
Kedah,Kuala Muda,2023,560.3,,,,,,238.0,232.1,6.0,142.7,62.5,2.5,61.0,,0.0,0.0
Kedah,Kuala Muda,2024,571.3,5729.0,4953.0,3869.0,0.333,11.8,244.5,239.1,5.5,144.9,62.8,2.2,61.4,,0.0,0.0
Kedah,Kuala Muda,2025,574.7,,,,,,,,,,,,,,0.0,0.0
Kedah,Kubang Pasu,2020,237.8,,,,,,97.6,93.8,3.8,59.0,62.3,3.9,59.9,3553.6538,0.0,
Kedah,Kubang Pasu,2021,248.7,,,,,,101.7,98.0,3.7,61.7,62.2,3.7,60.0,,0.0,0.0
Kedah,Kubang Pasu,2022,249.7,6221.0,5201.0,4062.0,0.325,3.3,103.5,100.6,2.9,60.8,63.0,2.8,61.2,,0.0,0.0
Kedah,Kubang Pasu,2023,251.5,,,,,,106.1,103.2,2.9,59.5,64.1,2.7,62.3,,0.0,0.0
Kedah,Kubang Pasu,2024,253.3,6313.0,5312.0,4478.0,0.317,4.0,109.4,106.8,2.6,58.3,65.3,2.4,63.7,,0.0,0.0
Kedah,Kubang Pasu,2025,254.2,,,,,,,,,,,,,,0.0,0.0
Kedah,Kulim,2020,337.7,,,,,,152.2,146.9,5.4,78.8,65.9,3.5,63.6,10659.2995,0.08333333333333333,
Kedah,Kulim,2021,339.0,,,,,,155.0,150.1,4.9,76.9,66.8,3.1,64.7,,0.4166666666666667,0.33333333333333337
Kedah,Kulim,2022,341.3,5636.0,4498.0,3647.0,0.359,11.4,156.9,153.5,3.5,76.5,67.2,2.2,65.8,,0.8333333333333334,0.4166666666666667
Kedah,Kulim,2023,346.4,,,,,,162.0,158.4,3.5,74.9,68.4,2.2,66.9,,0.8333333333333334,0.0
Kedah,Kulim,2024,352.2,6395.0,5236.0,4054.0,0.349,8.5,166.4,163.2,3.2,74.8,69.0,1.9,67.7,,0.6666666666666666,-0.16666666666666674
Kedah,Kulim,2025,354.0,,,,,,,,,,,,,,0.6666666666666666,0.0
Kedah,Langkawi,2020,94.1,,,,,,43.8,40.8,3.0,19.8,68.9,6.9,64.2,2415.9042,54.75,
Kedah,Langkawi,2021,95.1,,,,,,44.4,41.1,3.3,19.4,69.5,7.3,64.4,,50.083333333333336,-4.666666666666664
Kedah,Langkawi,2022,96.4,6087.0,5250.0,3680.0,0.302,5.7,45.0,42.4,2.6,19.3,70.0,5.8,65.9,,62.75,12.666666666666664
Kedah,Langkawi,2023,98.0,,,,,,46.3,43.7,2.6,18.8,71.2,5.7,67.1,,53.25,-9.5
Kedah,Langkawi,2024,99.8,6278.0,5083.0,4356.0,0.335,6.0,48.1,45.7,2.4,18.1,72.6,4.9,69.0,,41.5,-11.75
Kedah,Langkawi,2025,100.5,,,,,,,,,,,,,,43.666666666666664,2.1666666666666643
Kedah,Padang Terap,2020,65.7,,,,,,28.5,27.4,1.2,14.5,66.3,4.0,63.7,868.0232,0.0,
Kedah,Padang Terap,2021,66.4,,,,,,29.3,28.2,1.1,14.3,67.2,3.6,64.7,,0.0,0.0
Kedah,Padang Terap,2022,66.5,4858.0,3902.0,3751.0,0.323,8.9,29.5,28.6,0.9,14.1,67.7,3.0,65.6,,0.0,0.0
Kedah,Padang Terap,2023,67.1,,,,,,30.2,29.3,0.9,13.7,68.9,3.0,66.7,,0.0,0.0
Kedah,Padang Terap,2024,67.7,5062.0,3954.0,3872.0,0.292,8.0,31.3,30.5,0.8,13.2,70.3,2.5,68.5,,0.0,0.0
Kedah,Padang Terap,2025,67.9,,,,,,,,,,,,,,0.0,0.0
Kedah,Pendang,2020,98.9,,,,,,41.9,39.9,2.0,22.6,64.9,4.7,61.9,1260.1074,2.25,
Kedah,Pendang,2021,99.3,,,,,,41.8,39.5,2.3,23.1,64.4,5.5,60.9,,2.4166666666666665,0.16666666666666652
Kedah,Pendang,2022,99.8,4986.0,3801.0,3562.0,0.349,7.3,42.3,40.5,1.8,23.0,64.8,4.3,62.0,,4.25,1.8333333333333335
Kedah,Pendang,2023,100.7,,,,,,43.4,41.5,1.8,22.4,65.9,4.2,63.1,,3.9166666666666665,-0.3333333333333335
Kedah,Pendang,2024,101.5,5464.0,4592.0,3914.0,0.347,7.3,44.6,43.0,1.6,22.0,66.9,3.5,64.6,,3.25,-0.6666666666666665
Kedah,Pendang,2025,102.0,,,,,,,,,,,,,,2.8333333333333335,-0.4166666666666665
Kedah,Pokok Sena,2020,49.8,,,,,,22.0,20.9,1.0,10.9,66.9,4.7,63.5,1503.4751,0.0,
Kedah,Pokok Sena,2021,50.0,,,,,,22.1,21.2,0.9,11.0,66.7,4.1,64.0,,0.0,0.0
Kedah,Pokok Sena,2022,50.0,5494.0,4668.0,4033.0,0.31,7.2,22.3,21.6,0.7,10.9,67.2,3.1,65.1,,0.0,0.0
Kedah,Pokok Sena,2023,50.5,,,,,,22.8,22.1,0.7,10.6,68.3,3.0,66.2,,0.0,0.0
Kedah,Pokok Sena,2024,51.0,5736.0,5163.0,4257.0,0.27,7.2,23.5,22.9,0.6,10.3,69.4,2.5,67.8,,0.0,0.0
Kedah,Pokok Sena,2025,51.2,,,,,,,,,,,,,,0.0,0.0
Kedah,Sik,2020,67.9,,,,,,27.3,26.5,0.9,17.1,61.5,3.1,59.7,560.6324,0.6666666666666666,
Kedah,Sik,2021,68.3,,,,,,27.5,26.6,0.9,17.3,61.4,3.3,59.4,,1.0833333333333333,0.41666666666666663
Kedah,Sik,2022,68.6,5053.0,3703.0,3530.0,0.333,4.0,27.8,27.1,0.7,17.2,61.8,2.4,60.2,,2.25,1.1666666666666667
Kedah,Sik,2023,69.3,,,,,,28.5,27.9,0.7,16.8,62.9,2.3,61.6,,2.75,0.5
Kedah,Sik,2024,70.1,5107.0,4438.0,3675.0,0.325,8.7,29.4,28.8,0.6,16.5,64.0,2.0,62.7,,2.1666666666666665,-0.5833333333333335
Kedah,Sik,2025,70.5,,,,,,,,,,,,,,2.75,0.5833333333333335
Kedah,Yan,2020,73.4,,,,,,29.2,28.4,0.8,18.7,60.9,2.7,59.3,731.354,8.333333333333334,
Kedah,Yan,2021,73.6,,,,,,29.3,28.4,0.9,19.0,60.7,3.1,58.8,,8.333333333333334,0.0
Kedah,Yan,2022,73.8,4637.0,4080.0,3339.0,0.291,6.0,29.8,29.1,0.7,18.9,61.1,2.3,59.8,,7.666666666666667,-0.666666666666667
Kedah,Yan,2023,74.3,,,,,,30.6,29.9,0.7,18.6,62.2,2.2,60.8,,7.166666666666667,-0.5
Kedah,Yan,2024,74.7,5272.0,4695.0,3859.0,0.293,7.4,31.4,30.8,0.6,18.4,63.0,1.9,61.8,,7.25,0.08333333333333304
Kedah,Yan,2025,75.1,,,,,,,,,,,,,,7.916666666666667,0.666666666666667
Kelantan,Bachok,2020,157.3,,,,,,56.3,54.2,2.1,48.2,53.9,3.8,51.9,1851.5688,2.5,
Kelantan,Bachok,2021,158.9,,,,,,56.5,54.5,2.0,49.1,53.5,3.5,51.6,,2.8333333333333335,0.3333333333333335
Kelantan,Bachok,2022,160.7,4811.0,3625.0,3282.0,0.374,12.1,57.1,55.3,1.8,49.5,53.6,3.1,51.9,,3.75,0.9166666666666665
Kelantan,Bachok,2023,163.1,,,,,,59.1,57.2,1.8,49.5,54.4,3.1,52.7,,2.75,-1.0
Kelantan,Bachok,2024,165.5,5149.0,4187.0,3579.0,0.349,11.3,60.6,58.7,1.9,50.0,54.8,3.2,53.1,,3.1666666666666665,0.4166666666666665
Kelantan,Bachok,2025,167.6,,,,,,,,,,,,,,1.75,-1.4166666666666665
Kelantan,Gua Musang,2020,101.9,,,,,,30.9,29.7,1.2,30.0,50.8,3.9,48.8,1629.4192,1.8333333333333333,
Kelantan,Gua Musang,2021,102.5,,,,,,30.3,29.1,1.1,30.5,49.8,3.8,47.9,,0.5,-1.3333333333333333
Kelantan,Gua Musang,2022,104.0,4473.0,3342.0,3625.0,0.36,18.5,31.1,30.0,1.1,30.7,50.3,3.5,48.5,,2.8333333333333335,2.3333333333333335
Kelantan,Gua Musang,2023,107.2,,,,,,33.1,32.0,1.1,31.8,50.9,3.3,49.3,,2.75,-0.08333333333333348
Kelantan,Gua Musang,2024,110.5,4684.0,3871.0,3726.0,0.302,16.3,35.1,33.9,1.2,33.3,51.3,3.3,49.6,,2.1666666666666665,-0.5833333333333335
Kelantan,Gua Musang,2025,111.3,,,,,,,,,,,,,,2.0833333333333335,-0.08333333333333304
Kelantan,Jeli,2020,54.7,,,,,,20.7,20.1,0.6,16.5,55.6,3.1,54.0,675.8258,2.3333333333333335,
Kelantan,Jeli,2021,55.6,,,,,,20.6,20.0,0.6,17.5,54.1,3.1,52.5,,1.9166666666666667,-0.41666666666666674
Kelantan,Jeli,2022,56.1,3735.0,2906.0,2746.0,0.35,11.3,21.0,20.5,0.5,17.5,54.5,2.4,53.2,,3.8333333333333335,1.9166666666666667
Kelantan,Jeli,2023,56.9,,,,,,21.8,21.3,0.5,17.7,55.2,2.2,53.9,,3.75,-0.08333333333333348
Kelantan,Jeli,2024,57.7,3829.0,3008.0,3062.0,0.315,10.1,22.5,22.0,0.5,17.9,55.7,2.3,54.5,,3.0833333333333335,-0.6666666666666665
Kelantan,Jeli,2025,58.2,,,,,,,,,,,,,,3.1666666666666665,0.08333333333333304
Kelantan,Kecil Lojing,2020,10.6,,,,,,3.1,2.9,0.2,3.3,48.5,6.0,45.3,878.8034,0.0,
Kelantan,Kecil Lojing,2021,10.7,,,,,,3.1,2.9,0.2,3.4,47.8,5.9,44.6,,0.0,0.0
Kelantan,Kecil Lojing,2022,10.8,3153.0,2630.0,2720.0,0.365,43.8,3.2,3.0,0.2,3.4,48.0,5.7,45.5,,0.0,0.0
Kelantan,Kecil Lojing,2023,11.1,,,,,,3.3,3.1,0.2,3.5,48.4,5.5,45.6,,0.0,0.0
Kelantan,Kecil Lojing,2024,11.3,3511.0,3385.0,2953.0,0.218,20.0,3.5,3.3,0.2,3.7,48.8,5.6,45.8,,0.0,0.0
Kelantan,Kecil Lojing,2025,11.7,,,,,,,,,,,,,,0.0,0.0
Kelantan,Kota Bharu,2020,555.8,,,,,,224.2,212.4,11.9,147.9,60.3,5.3,57.1,10490.7422,32.25,
Kelantan,Kota Bharu,2021,562.4,,,,,,226.2,215.0,11.1,150.3,60.1,4.9,57.1,,24.666666666666668,-7.583333333333332
Kelantan,Kota Bharu,2022,567.5,5693.0,4330.0,3886.0,0.384,10.5,232.0,221.6,10.4,148.8,60.9,4.5,58.2,,41.666666666666664,16.999999999999996
Kelantan,Kota Bharu,2023,575.8,,,,,,241.9,231.1,10.8,144.8,62.6,4.4,59.8,,36.583333333333336,-5.083333333333329
Kelantan,Kota Bharu,2024,583.7,6180.0,4729.0,4329.0,0.361,9.9,247.4,236.3,11.1,145.6,63.0,4.5,60.1,,31.25,-5.333333333333336
Kelantan,Kota Bharu,2025,590.1,,,,,,,,,,,,,,30.416666666666668,-0.8333333333333321
Kelantan,Kuala Krai,2020,105.0,,,,,,40.2,39.2,1.0,27.6,59.3,2.5,57.8,1506.5282,0.5,
Kelantan,Kuala Krai,2021,105.9,,,,,,39.3,38.3,0.9,28.9,57.6,2.4,56.2,,0.0,-0.5
Kelantan,Kuala Krai,2022,107.1,3798.0,2763.0,2853.0,0.399,22.4,39.8,39.0,0.8,29.2,57.7,2.1,56.5,,2.5,2.5
Kelantan,Kuala Krai,2023,109.4,,,,,,41.5,40.7,0.8,29.4,58.5,2.0,57.4,,1.3333333333333333,-1.1666666666666667
Kelantan,Kuala Krai,2024,111.6,3872.0,2994.0,2863.0,0.342,20.2,43.1,42.2,0.9,30.0,59.0,2.1,57.7,,3.4166666666666665,2.083333333333333
Kelantan,Kuala Krai,2025,112.4,,,,,,,,,,,,,,0.3333333333333333,-3.083333333333333
Kelantan,Machang,2020,110.0,,,,,,37.7,35.6,2.1,28.8,56.7,5.5,53.5,1350.6356,1.25,
Kelantan,Machang,2021,112.9,,,,,,38.5,36.3,2.2,30.2,56.0,5.7,52.8,,0.5833333333333334,-0.6666666666666666
Kelantan,Machang,2022,113.9,4987.0,3429.0,3267.0,0.414,12.0,39.2,37.3,1.9,30.6,56.2,4.9,53.4,,2.6666666666666665,2.083333333333333
Kelantan,Machang,2023,115.3,,,,,,40.8,38.8,2.0,30.7,57.1,4.8,54.3,,2.5833333333333335,-0.08333333333333304
Kelantan,Machang,2024,116.7,5237.0,4156.0,3411.0,0.331,7.3,42.1,40.1,2.1,31.1,57.5,4.9,54.8,,1.75,-0.8333333333333335
Kelantan,Machang,2025,117.7,,,,,,,,,,,,,,2.0833333333333335,0.3333333333333335
Kelantan,Pasir Mas,2020,230.4,,,,,,76.2,72.8,3.3,66.3,53.5,4.4,51.1,1865.9363,0.5,
Kelantan,Pasir Mas,2021,231.9,,,,,,75.5,72.4,3.2,67.5,52.8,4.2,50.6,,0.25,-0.25
Kelantan,Pasir Mas,2022,234.2,4602.0,3508.0,3225.0,0.362,9.0,77.1,74.2,2.9,67.9,53.2,3.8,51.2,,1.5833333333333333,1.3333333333333333
Kelantan,Pasir Mas,2023,237.5,,,,,,79.7,76.7,2.9,68.2,53.9,3.7,51.9,,1.3333333333333333,-0.25
Kelantan,Pasir Mas,2024,240.4,4975.0,3591.0,3581.0,0.365,8.6,82.0,78.9,3.1,69.0,54.3,3.8,52.3,,1.0,-0.33333333333333326
Kelantan,Pasir Mas,2025,242.7,,,,,,,,,,,,,,0.5,-0.5
Kelantan,Pasir Puteh,2020,136.2,,,,,,46.4,44.9,1.5,35.3,56.8,3.2,55.0,1449.8489,2.4166666666666665,
Kelantan,Pasir Puteh,2021,137.4,,,,,,46.2,44.7,1.5,36.3,56.0,3.3,54.2,,3.0,0.5833333333333335
Kelantan,Pasir Puteh,2022,138.9,4712.0,3453.0,3525.0,0.378,15.9,47.3,45.9,1.4,36.9,56.1,3.0,54.5,,4.166666666666667,1.166666666666667
Kelantan,Pasir Puteh,2023,141.0,,,,,,49.5,48.0,1.4,37.0,57.2,2.9,55.5,,3.5,-0.666666666666667
Kelantan,Pasir Puteh,2024,142.9,5070.0,4853.0,3749.0,0.302,11.1,51.0,49.5,1.5,37.4,57.7,3.0,56.0,,2.8333333333333335,-0.6666666666666665
Kelantan,Pasir Puteh,2025,144.7,,,,,,,,,,,,,,2.8333333333333335,0.0
Kelantan,Tanah Merah,2020,150.8,,,,,,53.1,51.5,1.6,41.6,56.0,3.0,54.4,1995.8433,2.9166666666666665,
Kelantan,Tanah Merah,2021,152.4,,,,,,52.2,50.9,1.3,44.0,54.3,2.5,52.9,,10.166666666666666,7.25
Kelantan,Tanah Merah,2022,153.7,4177.0,2991.0,3247.0,0.377,17.9,53.2,52.1,1.1,44.3,54.6,2.1,53.4,,8.583333333333334,-1.5833333333333321
Kelantan,Tanah Merah,2023,156.1,,,,,,55.5,54.3,1.2,44.7,55.4,2.1,54.2,,5.833333333333333,-2.750000000000001
Kelantan,Tanah Merah,2024,158.4,4922.0,3638.0,3632.0,0.363,14.9,57.3,56.0,1.2,45.3,55.8,2.2,54.6,,5.833333333333333,0.0
Kelantan,Tanah Merah,2025,159.9,,,,,,,,,,,,,,6.416666666666667,0.5833333333333339
Kelantan,Tumpat,2020,179.9,,,,,,56.3,54.5,1.8,50.7,52.6,3.2,50.9,1492.5559,0.16666666666666666,
Kelantan,Tumpat,2021,181.7,,,,,,55.9,54.2,1.8,52.1,51.8,3.2,50.2,,0.0,-0.16666666666666666
Kelantan,Tumpat,2022,183.7,4741.0,3749.0,3831.0,0.367,13.5,57.1,55.5,1.5,52.2,52.2,2.7,50.8,,0.3333333333333333,0.3333333333333333
Kelantan,Tumpat,2023,186.5,,,,,,59.2,57.7,1.5,52.6,53.0,2.5,51.6,,0.9166666666666666,0.5833333333333333
Kelantan,Tumpat,2024,189.1,4991.0,3904.0,4181.0,0.334,12.7,61.2,59.7,1.6,53.5,53.4,2.5,52.0,,0.3333333333333333,-0.5833333333333333
Kelantan,Tumpat,2025,191.2,,,,,,,,,,,,,,0.3333333333333333,0.0
Melaka,Alor Gajah,2020,249.4,,,,,,125.9,122.4,3.5,60.2,67.6,2.8,65.8,10575.1605,0.8333333333333334,
Melaka,Alor Gajah,2021,251.0,,,,,,129.8,126.0,3.8,56.9,69.5,2.9,67.5,,0.5833333333333334,-0.25
Melaka,Alor Gajah,2022,251.8,7235.0,5611.0,5338.0,0.343,4.8,134.6,131.4,3.1,53.0,71.7,2.3,70.0,,1.0,0.41666666666666663
Melaka,Alor Gajah,2023,256.3,,,,,,137.8,134.5,3.2,53.6,72.0,2.3,70.3,,1.0,0.0
Melaka,Alor Gajah,2024,260.5,7855.0,6308.0,5745.0,0.327,4.5,142.6,139.4,3.3,53.8,72.6,2.3,71.0,,0.9166666666666666,-0.08333333333333337
Melaka,Alor Gajah,2025,261.8,,,,,,,,,,,,,,1.0,0.08333333333333337
Melaka,Jasin,2020,151.9,,,,,,70.2,69.0,1.2,39.8,63.8,1.7,62.7,3562.524,1.5833333333333333,
Melaka,Jasin,2021,155.9,,,,,,73.9,72.9,1.0,39.1,65.4,1.3,64.5,,1.25,-0.33333333333333326
Melaka,Jasin,2022,153.9,7145.0,5895.0,5005.0,0.332,5.5,73.2,72.3,0.9,37.6,66.1,1.2,65.3,,2.3333333333333335,1.0833333333333335
Melaka,Jasin,2023,154.5,,,,,,73.2,72.3,0.9,37.3,66.2,1.2,65.4,,2.0833333333333335,-0.25
Melaka,Jasin,2024,156.4,7755.0,6401.0,5654.0,0.298,1.1,74.6,73.7,0.9,37.2,66.7,1.2,65.9,,1.75,-0.3333333333333335
Melaka,Jasin,2025,157.3,,,,,,,,,,,,,,1.1666666666666667,-0.5833333333333333
Melaka,Melaka Tengah,2020,597.1,,,,,,268.8,262.4,6.4,136.9,66.3,2.4,64.7,26892.764,0.0,
Melaka,Melaka Tengah,2021,597.7,,,,,,276.0,270.7,5.3,129.0,68.1,1.9,66.8,,0.0,0.0
Melaka,Melaka Tengah,2022,602.8,8593.0,6557.0,6015.0,0.383,3.7,286.8,282.6,4.2,123.0,70.0,1.5,69.0,,0.0,0.0
Melaka,Melaka Tengah,2023,617.5,,,,,,297.1,292.9,4.2,126.2,70.2,1.4,69.2,,0.0,0.0
Melaka,Melaka Tengah,2024,629.9,9232.0,7415.0,6527.0,0.373,2.8,308.1,303.9,4.2,127.6,70.7,1.4,69.7,,0.0,0.0
Melaka,Melaka Tengah,2025,633.3,,,,,,,,,,,,,,0.0,0.0
Negeri Sembilan,Jelebu,2020,46.1,,,,,,17.5,16.6,0.8,10.5,62.4,4.8,59.3,1014.6141,0.4166666666666667,
Negeri Sembilan,Jelebu,2021,45.8,,,,,,17.5,16.8,0.8,10.3,62.9,4.4,60.4,,0.3333333333333333,-0.08333333333333337
Negeri Sembilan,Jelebu,2022,46.3,4445.0,3636.0,3457.0,0.326,7.3,18.0,17.4,0.7,10.4,63.3,3.8,61.3,,0.0,-0.3333333333333333
Negeri Sembilan,Jelebu,2023,47.5,,,,,,19.0,18.4,0.7,10.8,63.8,3.5,61.7,,0.0,0.0
Negeri Sembilan,Jelebu,2024,48.7,4664.0,3713.0,3811.0,0.313,6.4,19.9,19.2,0.7,11.1,64.1,3.5,61.9,,0.0,0.0
Negeri Sembilan,Jelebu,2025,48.6,,,,,,,,,,,,,,0.0,0.0
Negeri Sembilan,Jempol,2020,127.2,,,,,,51.7,49.8,1.8,30.4,62.9,3.5,60.7,3390.3282,,
Negeri Sembilan,Jempol,2021,127.1,,,,,,51.3,49.4,1.9,30.3,62.9,3.8,60.5,,,
Negeri Sembilan,Jempol,2022,127.6,4848.0,3830.0,3608.0,0.331,8.0,52.1,50.3,1.8,29.6,63.7,3.4,61.6,,,
Negeri Sembilan,Jempol,2023,129.5,,,,,,53.6,51.8,1.8,29.3,64.7,3.4,62.5,,,
Negeri Sembilan,Jempol,2024,131.2,5777.0,4291.0,4113.0,0.364,7.1,54.9,53.0,1.9,29.5,65.1,3.4,62.8,,,
Negeri Sembilan,Jempol,2025,130.9,,,,,,,,,,,,,,,
Negeri Sembilan,Kuala Pilah,2020,70.3,,,,,,29.6,28.2,1.4,18.6,61.4,4.9,58.5,1524.4684,0.0,
Negeri Sembilan,Kuala Pilah,2021,70.0,,,,,,28.6,27.0,1.5,19.3,59.6,5.3,56.4,,0.0,0.0
Negeri Sembilan,Kuala Pilah,2022,70.4,4509.0,3471.0,3567.0,0.346,6.8,29.2,27.8,1.4,19.0,60.5,4.7,57.7,,0.0,0.0
Negeri Sembilan,Kuala Pilah,2023,71.4,,,,,,30.2,28.8,1.4,18.9,61.5,4.8,58.7,,0.0,0.0
Negeri Sembilan,Kuala Pilah,2024,72.3,4888.0,3996.0,3809.0,0.324,6.2,31.0,29.5,1.5,19.0,62.0,4.7,59.0,,0.0,0.0
Negeri Sembilan,Kuala Pilah,2025,72.5,,,,,,,,,,,,,,0.08333333333333333,0.08333333333333333
Negeri Sembilan,Port Dickson,2020,128.7,,,,,,57.8,54.7,3.1,30.0,65.8,5.3,62.3,7560.4802,52.75,
Negeri Sembilan,Port Dickson,2021,128.9,,,,,,56.8,53.4,3.5,31.3,64.5,6.1,60.6,,40.583333333333336,-12.166666666666664
Negeri Sembilan,Port Dickson,2022,130.1,6054.0,4805.0,4500.0,0.345,4.9,58.6,55.8,2.9,30.7,65.6,4.9,62.5,,55.666666666666664,15.083333333333329
Negeri Sembilan,Port Dickson,2023,132.7,,,,,,61.2,58.5,2.6,30.6,66.6,4.3,63.7,,44.5,-11.166666666666664
Negeri Sembilan,Port Dickson,2024,135.2,6280.0,5342.0,4709.0,0.324,4.4,62.9,60.2,2.7,31.0,67.0,4.2,64.1,,40.333333333333336,-4.166666666666664
Negeri Sembilan,Port Dickson,2025,135.6,,,,,,,,,,,,,,36.75,-3.5833333333333357
Negeri Sembilan,Rembau,2020,47.3,,,,,,21.4,20.5,0.9,11.6,64.8,4.0,62.1,1175.4004,1.1666666666666667,
Negeri Sembilan,Rembau,2021,47.4,,,,,,21.2,20.3,0.8,11.9,64.1,3.9,61.3,,1.1666666666666667,0.0
Negeri Sembilan,Rembau,2022,47.8,5544.0,4655.0,3897.0,0.344,3.0,21.6,20.9,0.7,11.6,65.0,3.4,63.0,,1.1666666666666667,0.0
Negeri Sembilan,Rembau,2023,48.5,,,,,,22.4,21.6,0.8,11.4,66.3,3.5,63.9,,1.0,-0.16666666666666674
Negeri Sembilan,Rembau,2024,49.3,5723.0,4894.0,4226.0,0.339,2.6,22.8,22.0,0.8,11.4,66.7,3.5,64.3,,1.3333333333333333,0.33333333333333326
Negeri Sembilan,Rembau,2025,49.5,,,,,,,,,,,,,,1.1666666666666667,-0.16666666666666652
Negeri Sembilan,Seremban,2020,692.3,,,,,,317.3,306.5,10.8,164.3,65.9,3.4,63.6,29430.6306,8.833333333333334,
Negeri Sembilan,Seremban,2021,696.1,,,,,,315.1,303.9,11.1,169.3,65.0,3.5,62.7,,9.0,0.16666666666666607
Negeri Sembilan,Seremban,2022,696.9,7900.0,6384.0,5225.0,0.354,3.0,318.8,309.2,9.6,165.7,65.8,3.0,63.8,,11.5,2.5
Negeri Sembilan,Seremban,2023,705.5,,,,,,328.9,319.7,9.2,162.4,66.9,2.8,65.1,,10.333333333333334,-1.166666666666666
Negeri Sembilan,Seremban,2024,712.3,8395.0,6472.0,5686.0,0.368,2.8,336.1,327.0,9.1,161.1,67.6,2.7,65.8,,10.0,-0.3333333333333339
Negeri Sembilan,Seremban,2025,716.8,,,,,,,,,,,,,,9.25,-0.75
Negeri Sembilan,Tampin,2020,88.1,,,,,,36.0,34.7,1.3,19.9,64.4,3.5,62.1,2240.1787,1.4166666666666667,
Negeri Sembilan,Tampin,2021,88.8,,,,,,36.1,34.8,1.4,20.4,63.9,3.7,61.6,,1.1666666666666667,-0.25
Negeri Sembilan,Tampin,2022,88.8,5097.0,4012.0,3750.0,0.347,7.3,36.9,35.8,1.2,20.0,64.8,3.2,62.9,,1.75,0.5833333333333333
Negeri Sembilan,Tampin,2023,89.8,,,,,,38.5,37.4,1.2,20.1,65.8,3.1,63.8,,1.8333333333333333,0.08333333333333326
Negeri Sembilan,Tampin,2024,90.5,5715.0,4367.0,4238.0,0.349,7.0,39.7,38.5,1.2,20.2,66.3,3.0,64.3,,1.4166666666666667,-0.4166666666666665
Negeri Sembilan,Tampin,2025,90.7,,,,,,,,,,,,,,1.1666666666666667,-0.25
Pahang,Bentong,2020,116.8,,,,,,52.5,50.7,1.8,26.8,66.2,3.4,63.9,6517.1955,7.166666666666667,
Pahang,Bentong,2021,115.7,,,,,,51.5,50.0,1.4,27.5,65.2,2.8,63.3,,4.583333333333333,-2.583333333333334
Pahang,Bentong,2022,116.7,5563.0,4691.0,4386.0,0.244,2.8,52.8,51.8,1.1,28.0,65.4,2.1,64.1,,6.5,1.916666666666667
Pahang,Bentong,2023,119.6,,,,,,55.7,54.9,0.8,28.6,66.1,1.5,65.1,,5.583333333333333,-0.916666666666667
Pahang,Bentong,2024,121.2,6278.0,5015.0,4631.0,0.286,2.0,57.4,56.5,0.9,29.1,66.3,1.5,65.3,,5.583333333333333,0.0
Pahang,Bentong,2025,120.0,,,,,,,,,,,,,,5.666666666666667,0.08333333333333393
Pahang,Bera,2020,98.1,,,,,,35.2,33.9,1.3,29.2,54.7,3.8,52.6,1898.8924,1.8333333333333333,
Pahang,Bera,2021,98.0,,,,,,34.2,32.9,1.3,30.7,52.7,3.9,50.7,,2.0,0.16666666666666674
Pahang,Bera,2022,98.9,4567.0,3866.0,3453.0,0.256,8.5,35.2,34.3,1.0,31.2,53.0,2.8,51.7,,2.0,0.0
Pahang,Bera,2023,100.1,,,,,,36.7,35.7,1.0,31.7,53.6,2.8,52.2,,1.75,-0.25
Pahang,Bera,2024,101.0,4997.0,4269.0,3548.0,0.361,9.0,37.8,36.7,1.1,32.3,53.9,2.8,52.4,,1.6666666666666667,-0.08333333333333326
Pahang,Bera,2025,101.3,,,,,,,,,,,,,,1.5,-0.16666666666666674
Pahang,Cameron Highlands,2020,39.0,,,,,,19.6,19.0,0.7,7.2,73.0,3.3,70.9,3556.513,53.416666666666664,
Pahang,Cameron Highlands,2021,38.5,,,,,,18.8,18.3,0.5,7.8,70.6,2.6,68.8,,26.166666666666668,-27.249999999999996
Pahang,Cameron Highlands,2022,39.2,6265.0,5221.0,4229.0,0.272,1.9,19.5,19.2,0.3,8.0,71.0,1.6,69.8,,45.083333333333336,18.916666666666668
Pahang,Cameron Highlands,2023,40.9,,,,,,21.0,20.7,0.3,8.3,71.6,1.5,70.6,,38.083333333333336,-7.0
Pahang,Cameron Highlands,2024,44.5,6895.0,5655.0,4672.0,0.294,5.0,23.7,23.3,0.3,9.3,71.8,1.5,70.6,,34.25,-3.8333333333333357
Pahang,Cameron Highlands,2025,44.8,,,,,,,,,,,,,,35.0,0.75
Pahang,Jerantut,2020,96.0,,,,,,41.5,39.9,1.6,21.4,66.0,3.9,63.4,2103.9148,1.3333333333333333,
Pahang,Jerantut,2021,95.9,,,,,,39.5,37.9,1.6,23.5,62.7,4.0,60.2,,0.75,-0.5833333333333333
Pahang,Jerantut,2022,97.0,4537.0,3781.0,3326.0,0.29,8.6,40.6,39.4,1.2,23.9,63.0,2.9,61.1,,1.75,1.0
Pahang,Jerantut,2023,98.6,,,,,,42.1,40.9,1.2,24.3,63.5,2.8,61.6,,1.3333333333333333,-0.41666666666666674
Pahang,Jerantut,2024,99.9,5220.0,4231.0,3732.0,0.319,8.8,43.4,42.2,1.2,24.7,63.7,2.8,62.0,,1.25,-0.08333333333333326
Pahang,Jerantut,2025,100.3,,,,,,,,,,,,,,1.25,0.0
Pahang,Kuantan,2020,548.0,,,,,,265.2,257.5,7.7,108.6,70.9,2.9,68.9,23191.5817,56.5,
Pahang,Kuantan,2021,554.6,,,,,,266.9,258.3,8.5,114.4,70.0,3.2,67.7,,42.25,-14.25
Pahang,Kuantan,2022,557.9,6938.0,5926.0,4724.0,0.306,4.1,271.3,265.1,6.2,114.3,70.4,2.3,68.8,,61.5,19.25
Pahang,Kuantan,2023,565.8,,,,,,279.4,274.2,5.2,114.7,70.9,1.9,69.6,,50.583333333333336,-10.916666666666664
Pahang,Kuantan,2024,571.1,7008.0,5520.0,4969.0,0.332,3.7,285.0,279.7,5.3,115.7,71.1,1.9,69.8,,48.833333333333336,-1.75
Pahang,Kuantan,2025,576.7,,,,,,,,,,,,,,43.333333333333336,-5.5
Pahang,Lipis,2020,96.6,,,,,,36.2,35.2,1.0,28.8,55.7,2.8,54.2,1808.9596,0.5833333333333334,
Pahang,Lipis,2021,96.6,,,,,,35.0,34.1,0.9,30.3,53.6,2.5,52.2,,0.25,-0.33333333333333337
Pahang,Lipis,2022,97.9,4959.0,4115.0,4016.0,0.28,9.2,35.9,35.3,0.5,31.0,53.7,1.4,52.8,,0.9166666666666666,0.6666666666666666
Pahang,Lipis,2023,100.1,,,,,,37.6,37.2,0.4,31.7,54.3,1.2,53.7,,0.9166666666666666,0.0
Pahang,Lipis,2024,102.2,5276.0,4611.0,4278.0,0.237,9.2,39.2,38.7,0.5,32.7,54.5,1.2,53.8,,0.75,-0.16666666666666663
Pahang,Lipis,2025,103.3,,,,,,,,,,,,,,0.9166666666666666,0.16666666666666663
Pahang,Maran,2020,112.3,,,,,,46.3,45.1,1.1,25.4,64.6,2.5,62.9,1807.9108,0.4166666666666667,
Pahang,Maran,2021,113.5,,,,,,47.0,45.5,1.5,25.9,64.4,3.1,62.4,,0.16666666666666666,-0.25
Pahang,Maran,2022,114.7,5036.0,4319.0,3586.0,0.288,8.8,48.1,47.0,1.1,26.5,64.5,2.2,63.0,,1.0,0.8333333333333334
Pahang,Maran,2023,117.0,,,,,,50.4,49.5,0.9,27.0,65.1,1.8,64.0,,0.8333333333333334,-0.16666666666666663
Pahang,Maran,2024,119.0,5088.0,4470.0,3764.0,0.257,7.9,52.3,51.4,0.9,27.7,65.4,1.8,64.2,,0.5833333333333334,-0.25
Pahang,Maran,2025,119.9,,,,,,,,,,,,,,0.4166666666666667,-0.16666666666666669
Pahang,Pekan,2020,121.2,,,,,,58.1,56.3,1.8,27.2,68.1,3.1,66.0,4288.2571,7.75,
Pahang,Pekan,2021,122.6,,,,,,55.2,53.4,1.9,30.8,64.2,3.4,62.1,,7.333333333333333,-0.41666666666666696
Pahang,Pekan,2022,123.5,4780.0,4053.0,3429.0,0.303,11.6,55.6,54.2,1.4,30.8,64.3,2.5,62.7,,10.0,2.666666666666667
Pahang,Pekan,2023,125.9,,,,,,57.1,56.0,1.1,31.1,64.7,2.0,63.5,,9.0,-1.0
Pahang,Pekan,2024,127.8,5098.0,4344.0,3799.0,0.277,10.9,58.2,57.1,1.2,31.4,65.0,2.0,63.7,,9.333333333333334,0.3333333333333339
Pahang,Pekan,2025,129.3,,,,,,,,,,,,,,9.833333333333334,0.5
Pahang,Raub,2020,96.1,,,,,,41.1,39.6,1.5,22.7,64.4,3.7,62.1,2076.4235,4.166666666666667,
Pahang,Raub,2021,96.0,,,,,,40.0,38.6,1.4,24.3,62.2,3.6,60.0,,3.0,-1.166666666666667
Pahang,Raub,2022,96.8,5445.0,4375.0,4247.0,0.257,2.3,41.2,40.1,1.1,24.7,62.5,2.7,60.8,,3.9166666666666665,0.9166666666666665
Pahang,Raub,2023,98.8,,,,,,43.3,42.1,1.1,25.4,63.0,2.6,61.3,,3.3333333333333335,-0.583333333333333
Pahang,Raub,2024,100.2,5940.0,4427.0,4675.0,0.335,3.4,44.7,43.6,1.2,26.0,63.3,2.6,61.7,,3.25,-0.08333333333333348
Pahang,Raub,2025,99.9,,,,,,,,,,,,,,3.3333333333333335,0.08333333333333348
Pahang,Rompin,2020,98.1,,,,,,40.1,39.0,1.1,26.0,60.6,2.8,59.0,3593.4472,8.666666666666666,
Pahang,Rompin,2021,100.6,,,,,,39.9,38.6,1.3,28.0,58.8,3.2,56.8,,7.25,-1.416666666666666
Pahang,Rompin,2022,100.4,5103.0,4148.0,3695.0,0.329,12.0,39.7,38.8,0.9,27.5,59.1,2.3,57.7,,8.5,1.25
Pahang,Rompin,2023,101.6,,,,,,40.4,39.7,0.8,27.4,59.6,1.9,58.6,,7.166666666666667,-1.333333333333333
Pahang,Rompin,2024,102.9,5429.0,4760.0,3966.0,0.279,8.2,41.1,40.3,0.8,27.6,59.8,1.9,58.7,,6.75,-0.41666666666666696
Pahang,Rompin,2025,104.0,,,,,,,,,,,,,,7.0,0.25
Pahang,Temerloh,2020,169.0,,,,,,67.5,65.1,2.5,40.0,62.8,3.6,60.6,4042.3666,2.25,
Pahang,Temerloh,2021,169.4,,,,,,66.7,64.4,2.3,41.8,61.5,3.5,59.4,,1.9166666666666667,-0.33333333333333326
Pahang,Temerloh,2022,171.4,5180.0,4283.0,3580.0,0.291,6.6,68.9,67.1,1.8,42.5,61.9,2.6,60.2,,2.4166666666666665,0.4999999999999998
Pahang,Temerloh,2023,174.7,,,,,,72.0,70.1,1.8,43.4,62.4,2.5,60.7,,2.3333333333333335,-0.08333333333333304
Pahang,Temerloh,2024,177.8,5521.0,4595.0,3684.0,0.319,6.2,74.7,72.8,1.9,44.6,62.6,2.5,61.0,,2.1666666666666665,-0.16666666666666696
Pahang,Temerloh,2025,178.7,,,,,,,,,,,,,,2.25,0.08333333333333348
Perak,Bagan Datuk,2020,82.8,,,,,,30.5,28.5,2.1,31.8,49.0,6.8,45.7,2832.4184,0.0,
Perak,Bagan Datuk,2021,83.6,,,,,,31.6,29.2,2.4,32.0,49.7,7.7,45.9,,0.0,0.0
Perak,Bagan Datuk,2022,82.3,5160.0,4076.0,3150.0,0.361,12.4,32.1,30.0,2.1,30.4,51.3,6.4,48.0,,0.5833333333333334,0.5833333333333334
Perak,Bagan Datuk,2023,82.8,,,,,,33.4,31.5,2.0,30.0,52.7,5.9,49.7,,1.4166666666666667,0.8333333333333334
Perak,Bagan Datuk,2024,83.4,5326.0,4134.0,3543.0,0.361,11.5,34.4,32.7,1.7,29.8,53.6,5.0,50.9,,0.8333333333333334,-0.5833333333333334
Perak,Bagan Datuk,2025,83.5,,,,,,,,,,,,,,0.0,-0.8333333333333334
Perak,Batang Padang,2020,124.0,,,,,,36.1,33.6,2.5,46.7,43.6,7.1,40.6,2821.8528,0.0,
Perak,Batang Padang,2021,126.3,,,,,,37.5,34.4,3.1,46.8,44.5,8.2,40.8,,0.0,0.0
Perak,Batang Padang,2022,125.7,5178.0,3953.0,3710.0,0.37,13.3,38.0,35.3,2.7,46.0,45.3,7.2,42.0,,0.0,0.0
Perak,Batang Padang,2023,126.2,,,,,,39.4,36.9,2.5,45.5,46.4,6.3,43.5,,0.0,0.0
Perak,Batang Padang,2024,126.8,5433.0,4339.0,3722.0,0.354,11.5,40.5,38.1,2.4,45.2,47.2,5.9,44.5,,0.0,0.0
Perak,Batang Padang,2025,127.0,,,,,,,,,,,,,,0.0,0.0
Perak,Hilir Perak,2020,142.0,,,,,,41.6,38.3,3.3,56.7,42.3,7.9,39.0,3977.1,0.0,
Perak,Hilir Perak,2021,145.0,,,,,,43.2,39.6,3.6,57.9,42.8,8.3,39.2,,0.0,0.0
Perak,Hilir Perak,2022,142.3,5203.0,4199.0,3386.0,0.39,14.8,43.1,39.6,3.5,55.6,43.7,8.2,40.1,,0.0,0.0
Perak,Hilir Perak,2023,142.1,,,,,,44.5,41.1,3.4,54.3,45.0,7.7,41.6,,0.0,0.0
Perak,Hilir Perak,2024,141.8,5599.0,4347.0,3711.0,0.36,12.3,45.2,41.8,3.4,53.1,46.0,7.4,42.5,,0.0,0.0
Perak,Hilir Perak,2025,141.8,,,,,,,,,,,,,,0.0,0.0
Perak,Hulu Perak,2020,95.1,,,,,,28.1,26.1,2.0,33.0,45.9,7.0,42.7,1314.3816,0.0,
Perak,Hulu Perak,2021,95.3,,,,,,28.5,26.2,2.3,33.4,46.1,8.1,42.3,,0.0,0.0
Perak,Hulu Perak,2022,95.9,4891.0,3467.0,2889.0,0.399,16.3,29.3,27.2,2.1,33.4,46.7,7.1,43.4,,0.0,0.0
Perak,Hulu Perak,2023,97.1,,,,,,31.1,29.2,1.9,32.9,48.6,6.1,45.6,,0.0,0.0
Perak,Hulu Perak,2024,98.4,4980.0,3701.0,3270.0,0.331,13.3,32.5,30.7,1.8,33.1,49.6,5.4,46.8,,0.0,0.0
Perak,Hulu Perak,2025,98.5,,,,,,,,,,,,,,0.0,0.0
Perak,Kampar,2020,98.7,,,,,,42.9,40.7,2.2,25.8,62.4,5.1,59.2,2073.9911,8.0,
Perak,Kampar,2021,98.3,,,,,,43.5,40.8,2.6,24.8,63.7,6.0,59.7,,6.25,-1.75
Perak,Kampar,2022,98.2,5087.0,4347.0,3276.0,0.306,4.7,43.9,41.6,2.4,24.4,64.3,5.4,60.9,,12.083333333333334,5.833333333333334
Perak,Kampar,2023,98.9,,,,,,44.3,42.2,2.1,24.8,64.1,4.7,61.1,,9.583333333333334,-2.5
Perak,Kampar,2024,99.9,5608.0,4538.0,3753.0,0.37,4.5,45.0,43.0,2.0,25.1,64.2,4.4,61.3,,8.5,-1.083333333333334
Perak,Kampar,2025,98.8,,,,,,,,,,,,,,7.083333333333333,-1.416666666666667
Perak,Kerian,2020,166.4,,,,,,74.8,71.4,3.4,38.7,65.9,4.6,62.9,3353.6432,0.0,
Perak,Kerian,2021,167.8,,,,,,76.7,72.6,4.2,38.1,66.8,5.5,63.2,,0.16666666666666666,0.16666666666666666
Perak,Kerian,2022,167.5,5276.0,3996.0,3615.0,0.364,8.7,78.2,74.4,3.8,36.7,68.1,4.8,64.8,,0.8333333333333334,0.6666666666666667
Perak,Kerian,2023,168.5,,,,,,80.0,76.4,3.5,36.1,68.9,4.4,65.8,,1.25,0.41666666666666663
Perak,Kerian,2024,169.5,5590.0,4554.0,3807.0,0.305,7.3,81.5,78.1,3.4,35.3,69.8,4.2,66.9,,0.5833333333333334,-0.6666666666666666
Perak,Kerian,2025,169.8,,,,,,,,,,,,,,0.5,-0.08333333333333337
Perak,Kinta,2020,888.8,,,,,,431.3,416.3,15.0,168.5,71.9,3.5,69.4,33753.1373,0.8333333333333334,
Perak,Kinta,2021,893.6,,,,,,434.5,420.0,14.5,167.8,72.1,3.3,69.7,,0.8333333333333334,0.0
Perak,Kinta,2022,895.8,6308.0,5037.0,4383.0,0.358,3.8,436.1,422.2,13.9,169.6,72.0,3.2,69.7,,2.0833333333333335,1.25
Perak,Kinta,2023,909.1,,,,,,447.4,434.8,12.6,173.0,72.1,2.8,70.1,,2.0833333333333335,0.0
Perak,Kinta,2024,923.0,6758.0,5136.0,4648.0,0.391,3.8,460.5,448.5,12.0,174.9,72.5,2.6,70.6,,1.0833333333333333,-1.0000000000000002
Perak,Kinta,2025,927.4,,,,,,,,,,,,,,0.75,-0.33333333333333326
Perak,Kuala Kangsar,2020,176.1,,,,,,74.6,70.8,3.7,41.8,64.1,5.0,60.8,3135.3832,7.333333333333333,
Perak,Kuala Kangsar,2021,176.3,,,,,,75.4,71.1,4.3,41.5,64.5,5.7,60.8,,6.0,-1.333333333333333
Perak,Kuala Kangsar,2022,176.7,5176.0,3813.0,3488.0,0.391,13.0,76.4,72.3,4.1,41.6,64.7,5.3,61.3,,9.166666666666666,3.166666666666666
Perak,Kuala Kangsar,2023,178.3,,,,,,77.5,73.9,3.5,42.6,64.5,4.6,61.5,,8.583333333333334,-0.5833333333333321
Perak,Kuala Kangsar,2024,179.9,5489.0,3977.0,4005.0,0.357,11.3,79.1,75.7,3.4,43.3,64.6,4.3,61.8,,7.416666666666667,-1.166666666666667
Perak,Kuala Kangsar,2025,179.6,,,,,,,,,,,,,,6.916666666666667,-0.5
Perak,Larut Dan Matang,2020,269.6,,,,,,,,,,,,,6858.8903,0.0,
Perak,Larut Dan Matang,2021,272.2,,,,,,,,,,,,,,0.0,0.0
Perak,Larut Dan Matang,2022,272.6,5400.0,4029.0,3798.0,0.365,9.2,,,,,,,,,0.0,0.0
Perak,Larut Dan Matang,2023,275.4,,,,,,,,,,,,,,0.0,0.0
Perak,Larut Dan Matang,2024,278.3,,,,,,,,,,,,,,0.0,0.0
Perak,Larut Dan Matang,2025,278.3,,,,,,,,,,,,,,0.0,0.0
Perak,Manjung,2020,247.0,,,,,,,,,,,,,9019.8316,4.5,
Perak,Manjung,2021,250.1,,,,,,117.6,112.2,5.4,53.6,68.7,4.6,65.5,,2.9166666666666665,-1.5833333333333335
Perak,Manjung,2022,249.6,6318.0,5135.0,3912.0,0.354,3.8,118.5,113.7,4.8,52.1,69.5,4.1,66.6,,5.666666666666667,2.7500000000000004
Perak,Manjung,2023,252.3,,,,,,122.0,117.8,4.2,51.8,70.2,3.4,67.8,,6.0,0.33333333333333304
Perak,Manjung,2024,255.2,6612.0,5380.0,4387.0,0.346,3.9,125.4,121.5,3.8,51.3,71.0,3.1,68.8,,4.833333333333333,-1.166666666666667
Perak,Manjung,2025,256.4,,,,,,,,,,,,,,4.666666666666667,-0.16666666666666607
Perak,Muallim,2020,76.7,,,,,,38.4,36.6,1.7,19.4,66.5,4.5,63.3,2230.9899,0.0,
Perak,Muallim,2021,77.9,,,,,,39.5,37.4,2.1,19.3,67.2,5.2,63.6,,0.0,0.0
Perak,Muallim,2022,78.0,6122.0,5015.0,4374.0,0.359,9.2,40.3,38.3,1.9,18.2,68.8,4.8,65.5,,0.0,0.0
Perak,Muallim,2023,78.6,,,,,,41.4,39.6,1.8,17.6,70.1,4.3,67.1,,0.0,0.0
Perak,Muallim,2024,79.2,6229.0,4856.0,4517.0,0.35,7.7,42.1,40.4,1.7,17.3,70.9,4.0,68.0,,0.0,0.0
Perak,Muallim,2025,79.6,,,,,,,,,,,,,,0.0,0.0
Perak,Perak Tengah,2020,94.6,,,,,,45.2,43.2,2.0,21.5,67.7,4.4,64.8,2303.8226,0.0,
Perak,Perak Tengah,2021,95.0,,,,,,45.7,43.4,2.3,20.9,68.6,5.0,65.2,,0.0,0.0
Perak,Perak Tengah,2022,95.6,5956.0,4564.0,3744.0,0.391,11.1,46.3,44.1,2.2,20.9,69.0,4.8,65.6,,0.0,0.0
Perak,Perak Tengah,2023,97.2,,,,,,48.0,46.0,2.0,20.4,70.2,4.3,67.3,,0.0,0.0
Perak,Perak Tengah,2024,98.8,6027.0,4685.0,3956.0,0.354,10.2,49.5,47.6,1.9,20.3,70.9,3.8,68.2,,0.0,0.0
Perak,Perak Tengah,2025,99.2,,,,,,,,,,,,,,0.0,0.0
Perak,Selama,2020,34.4,,,,,,9.1,8.2,0.9,13.7,40.0,9.5,36.0,588.5454,0.0,
Perak,Selama,2021,34.4,,,,,,9.4,8.4,1.0,13.4,41.3,10.9,36.8,,0.0,0.0
Perak,Selama,2022,34.5,4439.0,3673.0,3150.0,0.299,5.3,9.7,8.7,1.0,13.2,42.5,10.7,38.0,,0.0,0.0
Perak,Selama,2023,34.8,,,,,,10.1,9.2,0.9,13.1,43.6,9.0,39.7,,0.0,0.0
Perak,Selama,2024,35.2,5019.0,3827.0,3779.0,0.337,10.4,10.4,9.5,0.9,13.0,44.5,8.9,40.6,,0.0,0.0
Perak,Selama,2025,35.0,,,,,,,,,,,,,,0.16666666666666666,0.16666666666666666
Perlis,Perlis,2020,284.9,,,,,,,,,,,,,5785.067,,
Perlis,Perlis,2021,287.6,,,,,,,,,,,,,,,
Perlis,Perlis,2022,289.8,5664.0,4713.0,3834.0,0.336,4.0,,,,,,,,,,
Perlis,Perlis,2023,293.1,,,,,,,,,,,,,,,
Perlis,Perlis,2024,296.8,,,,,,,,,,,,,,,
Perlis,Perlis,2025,297.8,,,,,,,,,,,,,,,
Pulau Pinang,Barat Daya,2020,237.7,,,,,,118.5,114.7,3.8,53.7,68.8,3.2,66.6,28222.9654,0.0,
Pulau Pinang,Barat Daya,2021,238.5,,,,,,120.8,118.0,2.8,52.0,69.9,2.3,68.3,,0.0,0.0
Pulau Pinang,Barat Daya,2022,239.6,9254.0,7247.0,6003.0,0.357,1.4,122.4,120.5,1.9,51.1,70.6,1.6,69.5,,0.0,0.0
Pulau Pinang,Barat Daya,2023,244.2,,,,,,126.6,125.2,1.4,50.0,71.7,1.1,70.9,,0.0,0.0
Pulau Pinang,Barat Daya,2024,248.2,10231.0,8919.0,6222.0,0.368,0.4,129.1,127.9,1.2,50.4,71.9,0.9,71.3,,0.0,0.0
Pulau Pinang,Barat Daya,2025,249.7,,,,,,,,,,,,,,0.0,0.0
Pulau Pinang,Seberang Perai Selatan,2020,184.0,,,,,,104.5,100.6,3.9,33.1,76.0,3.7,73.1,8038.9139,0.0,
Pulau Pinang,Seberang Perai Selatan,2021,186.5,,,,,,107.7,102.3,5.4,31.4,77.4,5.0,73.5,,0.0,0.0
Pulau Pinang,Seberang Perai Selatan,2023,186.8,,,,,,109.0,105.5,3.5,28.6,79.2,3.3,76.7,,0.0,0.0
Pulau Pinang,Seberang Perai Tengah,2020,423.0,,,,,,215.9,209.9,6.0,97.0,69.0,2.8,67.1,26886.9163,0.0,
Pulau Pinang,Seberang Perai Tengah,2021,421.6,,,,,,220.2,211.9,8.3,91.5,70.6,3.8,68.0,,0.0,0.0
Pulau Pinang,Seberang Perai Tengah,2023,433.5,,,,,,232.6,227.8,4.8,87.5,72.7,2.1,71.2,,0.0,0.0
Pulau Pinang,Seberang Perai Utara,2020,339.1,,,,,,153.0,146.6,6.4,90.3,62.9,4.2,60.3,7922.7508,0.0,
Pulau Pinang,Seberang Perai Utara,2021,339.8,,,,,,157.3,150.1,7.2,86.8,64.4,4.6,61.5,,0.0,0.0
Pulau Pinang,Seberang Perai Utara,2023,346.6,,,,,,164.9,159.8,5.0,83.7,66.3,3.0,64.3,,0.0,0.0
Pulau Pinang,Sp Selatan,2022,185.5,,,,,,,,,,,,,,,
Pulau Pinang,Sp Selatan,2024,188.1,,,,,,,,,,,,,,,
Pulau Pinang,Sp Selatan,2025,189.5,,,,,,,,,,,,,,,
Pulau Pinang,Sp Tengah,2022,422.8,,,,,,,,,,,,,,,
Pulau Pinang,Sp Tengah,2024,443.2,,,,,,,,,,,,,,,
Pulau Pinang,Sp Tengah,2025,445.2,,,,,,,,,,,,,,,
Pulau Pinang,Sp Utara,2022,341.3,,,,,,,,,,,,,,,
Pulau Pinang,Sp Utara,2024,351.0,,,,,,,,,,,,,,,
Pulau Pinang,Sp Utara,2025,353.1,,,,,,,,,,,,,,,
Pulau Pinang,Timur Laut,2020,556.6,,,,,,275.1,264.3,10.8,134.1,67.2,3.9,64.6,21619.1351,0.0,
Pulau Pinang,Timur Laut,2021,553.6,,,,,,280.3,272.0,8.3,128.2,68.6,3.0,66.6,,0.0,0.0
Pulau Pinang,Timur Laut,2022,551.8,8727.0,6714.0,5890.0,0.38,0.7,283.2,276.1,7.1,125.1,69.4,2.5,67.6,,0.0,0.0
Pulau Pinang,Timur Laut,2023,561.6,,,,,,293.1,287.3,5.8,123.3,70.4,2.0,69.0,,0.0,0.0
Pulau Pinang,Timur Laut,2024,569.9,9993.0,7745.0,6416.0,0.398,0.4,302.6,297.1,5.4,121.2,71.4,1.8,70.1,,0.0,0.0
Pulau Pinang,Timur Laut,2025,565.9,,,,,,,,,,,,,,0.0,0.0
Sabah,Beaufort,2020,75.7,,,,,,,26.3,2.9,16.8,63.4,10.0,,766.6438,0.5833333333333334,
Sabah,Beaufort,2021,76.5,,,,,,29.7,26.5,3.2,17.2,63.3,10.9,56.5,,0.5833333333333334,0.0
Sabah,Beaufort,2022,76.1,4902.0,4018.0,3141.0,0.338,19.8,30.4,27.6,2.8,16.9,64.3,9.3,58.4,,1.0,0.41666666666666663
Sabah,Beaufort,2023,77.0,,,,,,32.1,29.1,3.0,16.7,65.8,9.3,59.6,,1.0,0.0
Sabah,Beaufort,2024,77.6,5048.0,4070.0,3545.0,0.373,20.4,33.2,30.1,3.1,16.8,66.4,9.4,60.2,,0.9166666666666666,-0.08333333333333337
Sabah,Beaufort,2025,77.4,,,,,,,,,,,,,,1.0,0.08333333333333337
Sabah,Beluran,2020,77.1,,,,,,,30.3,3.4,21.2,61.4,10.1,,1881.6314,0.0,
Sabah,Beluran,2021,80.5,,,,,,35.9,32.3,3.6,21.4,62.6,10.0,56.4,,0.0,0.0
Sabah,Beluran,2022,76.3,4501.0,3131.0,2301.0,0.399,37.7,34.2,31.3,2.9,20.2,62.9,8.6,57.5,,0.0,0.0
Sabah,Beluran,2023,83.9,,,,,,38.4,35.1,3.3,21.5,64.1,8.5,58.6,,0.0,0.0
Sabah,Beluran,2024,90.0,4993.0,4436.0,2750.0,0.314,33.0,42.1,38.5,3.6,22.1,65.6,8.6,60.0,,0.0,0.0
Sabah,Beluran,2025,90.6,,,,,,,,,,,,,,0.0,0.0
Sabah,Kalabakan,2020,48.2,,,,,,,21.6,2.3,12.6,65.5,9.7,,508.0058,0.08333333333333333,
Sabah,Kalabakan,2021,50.2,,,,,,25.0,22.4,2.6,13.3,65.2,10.4,58.5,,0.0,-0.08333333333333333
Sabah,Kalabakan,2022,46.6,4938.0,3931.0,2019.0,0.368,33.3,23.6,21.4,2.1,12.0,66.3,9.0,60.1,,0.0,0.0
Sabah,Kalabakan,2023,53.3,,,,,,27.5,25.1,2.5,13.1,67.8,9.0,61.8,,0.0,0.0
Sabah,Kalabakan,2024,58.7,5174.0,3304.0,2257.0,0.447,26.8,30.9,28.1,2.8,13.8,69.1,9.1,62.9,,0.0,0.0
Sabah,Kalabakan,2025,59.1,,,,,,,,,,,,,,0.0,0.0
Sabah,Keningau,2020,150.9,,,,,,,60.5,6.5,30.9,68.5,9.6,,1453.3374,0.6666666666666666,
Sabah,Keningau,2021,151.2,,,,,,69.1,62.5,6.6,30.0,69.7,9.6,63.1,,0.75,0.08333333333333337
Sabah,Keningau,2022,153.2,5979.0,4502.0,3478.0,0.36,18.8,70.7,64.6,6.0,30.5,69.9,8.6,63.8,,1.0,0.25
Sabah,Keningau,2023,156.1,,,,,,73.1,66.9,6.2,30.6,70.5,8.5,64.5,,1.0,0.0
Sabah,Keningau,2024,158.0,6033.0,4801.0,3542.0,0.322,12.8,75.9,69.3,6.6,30.0,71.7,8.7,65.4,,1.0,0.0
Sabah,Keningau,2025,157.8,,,,,,,,,,,,,,0.9166666666666666,-0.08333333333333337
Sabah,Kinabatangan,2020,143.1,,,,,,,70.2,7.0,35.6,68.4,9.0,,2518.453,2.0833333333333335,
Sabah,Kinabatangan,2021,135.4,,,,,,73.0,66.5,6.5,33.7,68.4,9.0,62.3,,2.5,0.4166666666666665
Sabah,Kinabatangan,2022,138.1,5543.0,4162.0,2394.0,0.392,28.9,74.7,68.3,6.3,34.0,68.7,8.5,62.8,,3.75,1.25
Sabah,Kinabatangan,2023,149.1,,,,,,82.2,75.5,6.7,35.0,70.2,8.2,64.4,,4.166666666666667,0.41666666666666696
Sabah,Kinabatangan,2024,164.3,5632.0,4897.0,2482.0,0.308,26.7,91.1,83.7,7.4,38.0,70.6,8.2,64.8,,4.833333333333333,0.6666666666666661
Sabah,Kinabatangan,2025,164.8,,,,,,,,,,,,,,5.083333333333333,0.25
Sabah,Kota Belud,2020,107.2,,,,,,,39.0,4.1,25.7,62.7,9.4,,657.9502,0.4166666666666667,
Sabah,Kota Belud,2021,108.5,,,,,,44.5,39.9,4.5,26.4,62.8,10.2,56.3,,0.4166666666666667,0.0
Sabah,Kota Belud,2022,108.3,4949.0,3429.0,2791.0,0.425,27.8,45.5,41.5,4.0,26.3,63.4,8.7,57.8,,0.9166666666666666,0.49999999999999994
Sabah,Kota Belud,2023,109.6,,,,,,47.4,43.3,4.1,26.3,64.3,8.7,58.8,,0.6666666666666666,-0.25
Sabah,Kota Belud,2024,110.8,5007.0,3512.0,2920.0,0.361,26.1,48.8,44.5,4.2,26.8,64.5,8.7,58.9,,0.4166666666666667,-0.24999999999999994
Sabah,Kota Belud,2025,111.5,,,,,,,,,,,,,,0.3333333333333333,-0.08333333333333337
Sabah,Kota Kinabalu,2020,500.4,,,,,,,235.7,13.4,87.9,73.9,5.4,,19966.485,64.83333333333333,
Sabah,Kota Kinabalu,2021,496.4,,,,,,254.1,238.1,16.0,85.1,74.9,6.3,70.2,,66.83333333333333,2.0
Sabah,Kota Kinabalu,2022,500.8,8388.0,5957.0,4427.0,0.431,10.3,258.9,243.9,15.0,86.5,75.0,5.8,70.6,,88.58333333333333,21.75
Sabah,Kota Kinabalu,2023,525.7,,,,,,276.5,260.7,15.9,89.0,75.7,5.7,71.3,,87.08333333333333,-1.5
Sabah,Kota Kinabalu,2024,546.6,8715.0,5896.0,4726.0,0.426,12.0,292.0,274.6,17.3,91.0,76.2,5.9,71.7,,82.5,-4.583333333333329
Sabah,Kota Kinabalu,2025,552.4,,,,,,,,,,,,,,82.58333333333333,0.0833333333333286
Sabah,Kota Marudu,2020,69.5,,,,,,,23.3,2.5,17.3,59.9,9.8,,566.6574,0.08333333333333333,
Sabah,Kota Marudu,2021,70.3,,,,,,26.4,23.8,2.6,17.8,59.8,9.8,53.8,,0.08333333333333333,0.0
Sabah,Kota Marudu,2022,71.1,4031.0,2677.0,2951.0,0.419,49.9,27.0,24.7,2.3,18.1,59.8,8.6,54.8,,0.0,-0.08333333333333333
Sabah,Kota Marudu,2023,72.4,,,,,,28.1,25.7,2.4,18.4,60.5,8.5,55.3,,0.08333333333333333,0.08333333333333333
Sabah,Kota Marudu,2024,73.7,4685.0,2877.0,3466.0,0.421,40.0,29.3,26.7,2.5,18.5,61.2,8.7,55.9,,0.08333333333333333,0.0
Sabah,Kota Marudu,2025,74.8,,,,,,,,,,,,,,0.16666666666666666,0.08333333333333333
Sabah,Kuala Penyu,2020,23.7,,,,,,,8.3,1.0,5.0,65.2,10.6,,155.6477,0.16666666666666666,
Sabah,Kuala Penyu,2021,23.6,,,,,,10.0,9.0,1.0,5.5,64.7,10.3,58.1,,0.08333333333333333,-0.08333333333333333
Sabah,Kuala Penyu,2022,23.7,4311.0,3487.0,2777.0,0.324,17.6,10.3,9.4,0.9,5.5,65.4,9.0,59.5,,0.25,0.16666666666666669
Sabah,Kuala Penyu,2023,24.2,,,,,,10.9,10.0,1.0,5.4,67.1,9.0,61.3,,0.0,-0.25
Sabah,Kuala Penyu,2024,24.6,4750.0,3733.0,2826.0,0.375,14.3,11.4,10.4,1.0,5.4,67.7,9.0,61.9,,0.16666666666666666,0.16666666666666666
Sabah,Kuala Penyu,2025,24.9,,,,,,,,,,,,,,0.08333333333333333,-0.08333333333333333
Sabah,Kudat,2020,86.4,,,,,,,30.6,3.7,22.7,60.2,10.8,,787.2896,1.1666666666666667,
Sabah,Kudat,2021,85.9,,,,,,34.6,30.9,3.7,22.7,60.4,10.8,53.9,,1.0,-0.16666666666666674
Sabah,Kudat,2022,87.3,4049.0,2994.0,3080.0,0.369,34.7,35.8,32.6,3.3,22.8,61.1,9.1,55.6,,1.6666666666666667,0.6666666666666667
Sabah,Kudat,2023,90.7,,,,,,37.8,34.4,3.4,23.6,61.6,9.1,56.0,,1.0833333333333333,-0.5833333333333335
Sabah,Kudat,2024,93.1,4571.0,3249.0,3206.0,0.385,35.3,39.5,35.8,3.7,24.0,62.2,9.4,56.4,,1.1666666666666667,0.08333333333333348
Sabah,Kudat,2025,93.7,,,,,,,,,,,,,,1.0,-0.16666666666666674
Sabah,Kunak,2020,68.9,,,,,,,31.4,3.0,15.8,68.5,8.7,,639.928,0.0,
Sabah,Kunak,2021,67.0,,,,,,34.1,31.0,3.1,14.8,69.8,9.0,63.4,,0.0,0.0
Sabah,Kunak,2022,67.8,5838.0,4480.0,2755.0,0.352,25.4,34.5,31.5,2.9,14.9,69.8,8.5,63.8,,0.0,0.0
Sabah,Kunak,2023,76.2,,,,,,39.1,35.9,3.2,16.3,70.6,8.2,64.8,,0.0,0.0
Sabah,Kunak,2024,79.6,6608.0,4539.0,2797.0,0.484,29.2,41.5,38.0,3.5,16.4,71.6,8.4,65.6,,0.0,0.0
Sabah,Kunak,2025,78.3,,,,,,,,,,,,,,0.08333333333333333,0.08333333333333333
Sabah,Lahad Datu,2020,229.1,,,,,,,104.1,9.4,48.4,70.1,8.3,,4488.866,2.4166666666666665,
Sabah,Lahad Datu,2021,233.2,,,,,,115.4,105.8,9.6,49.9,69.8,8.3,64.0,,3.0,0.5833333333333335
Sabah,Lahad Datu,2022,226.9,5995.0,4457.0,3346.0,0.388,23.5,114.0,105.5,8.6,47.5,70.6,7.5,65.3,,4.833333333333333,1.833333333333333
Sabah,Lahad Datu,2023,242.1,,,,,,123.8,114.4,9.3,49.1,71.6,7.5,66.2,,5.166666666666667,0.3333333333333339
Sabah,Lahad Datu,2024,253.8,6557.0,5526.0,3571.0,0.286,13.6,131.4,121.6,9.8,50.0,72.4,7.5,67.0,,5.666666666666667,0.5
Sabah,Lahad Datu,2025,252.9,,,,,,,,,,,,,,4.333333333333333,-1.333333333333334
Sabah,Nabawan,2020,28.3,,,,,,,26.3,1.5,5.8,67.9,12.5,,267.6354,0.0,
Sabah,Nabawan,2021,28.7,,,,,,12.4,10.8,1.5,5.9,67.5,12.3,59.0,,0.0,0.0
Sabah,Nabawan,2022,29.2,5016.0,4110.0,3228.0,0.311,27.1,12.9,11.4,1.4,6.0,68.3,11.1,60.3,,0.0,0.0
Sabah,Nabawan,2023,30.1,,,,,,13.6,12.1,1.5,5.9,69.6,10.7,62.1,,0.0,0.0
Sabah,Nabawan,2024,30.8,5146.0,4361.0,3553.0,0.314,25.4,14.3,12.7,1.5,5.8,71.1,10.7,63.2,,0.0,0.0
Sabah,Nabawan,2025,31.1,,,,,,,,,,,,,,0.0,0.0
Sabah,Papar,2020,150.7,,,,,,,30.3,5.9,28.8,68.7,9.3,,1397.1022,,
Sabah,Papar,2021,151.3,,,,,,65.8,59.8,6.0,28.4,69.9,9.2,63.5,,,
Sabah,Papar,2022,152.6,5980.0,4871.0,3494.0,0.341,16.2,68.6,62.7,5.9,28.2,70.9,8.5,64.8,,,
Sabah,Papar,2023,154.8,,,,,,71.9,66.0,6.0,27.8,72.1,8.3,66.2,,,
Sabah,Papar,2024,156.4,6038.0,5177.0,3613.0,0.313,12.0,74.2,68.1,6.1,28.2,72.5,8.3,66.5,,,
Sabah,Papar,2025,156.3,,,,,,,,,,,,,,,
Sabah,Penampang,2020,162.2,,,,,,,21.6,5.1,30.3,72.1,6.6,,1925.4373,,
Sabah,Penampang,2021,165.5,,,,,,81.3,75.9,5.3,31.1,72.3,6.6,67.5,,,
Sabah,Penampang,2022,163.2,7491.0,6265.0,4194.0,0.33,6.7,82.0,77.2,4.7,30.4,72.9,5.8,68.7,,,
Sabah,Penampang,2023,165.9,,,,,,85.5,80.6,5.0,29.7,74.2,5.8,70.0,,,
Sabah,Penampang,2024,167.6,7550.0,6090.0,4234.0,0.348,5.7,87.6,82.5,5.1,30.1,74.4,5.8,70.1,,,
Sabah,Penampang,2025,166.8,,,,,,,,,,,,,,,
Sabah,Pitas,2020,36.7,,,,,,,60.5,1.2,11.8,49.9,10.5,,287.2363,0.0,
Sabah,Pitas,2021,37.1,,,,,,12.0,10.5,1.4,12.2,49.5,12.0,43.4,,0.0,0.0
Sabah,Pitas,2022,37.3,3406.0,2329.0,2562.0,0.386,52.7,12.2,11.0,1.2,12.3,49.7,9.8,44.9,,0.0,0.0
Sabah,Pitas,2023,38.0,,,,,,13.0,11.8,1.2,12.1,51.7,9.4,47.0,,0.0,0.0
Sabah,Pitas,2024,38.6,4121.0,2785.0,3472.0,0.411,50.0,13.8,12.5,1.3,12.0,53.5,9.6,48.4,,0.0,0.0
Sabah,Pitas,2025,39.0,,,,,,,,,,,,,,0.0,0.0
Sabah,Putatan,2020,68.8,,,,,,,70.2,2.0,11.6,72.2,6.8,,521.0799,0.08333333333333333,
Sabah,Putatan,2021,69.2,,,,,,31.2,29.0,2.1,12.0,72.2,6.9,67.1,,0.0,-0.08333333333333333
Sabah,Putatan,2022,69.2,7110.0,5699.0,4047.0,0.351,12.9,32.0,30.1,1.9,12.1,72.5,6.0,68.3,,0.0,0.0
Sabah,Putatan,2023,70.2,,,,,,33.3,31.3,2.0,12.3,73.0,6.0,68.6,,0.3333333333333333,0.3333333333333333
Sabah,Putatan,2024,71.0,7377.0,6563.0,4188.0,0.289,6.9,34.6,32.5,2.1,12.4,73.7,6.1,69.1,,0.25,-0.08333333333333331
Sabah,Putatan,2025,71.0,,,,,,,,,,,,,,0.08333333333333333,-0.16666666666666669
Sabah,Ranau,2020,85.1,,,,,,,39.0,3.5,16.9,67.6,9.8,,700.1255,6.583333333333333,
Sabah,Ranau,2021,86.4,,,,,,36.5,32.5,3.9,17.3,67.9,10.7,60.4,,6.75,0.16666666666666696
Sabah,Ranau,2022,86.3,5270.0,4058.0,2894.0,0.375,25.4,37.3,33.9,3.4,17.1,68.5,9.1,62.3,,11.916666666666666,5.166666666666666
Sabah,Ranau,2023,87.5,,,,,,39.0,35.5,3.5,17.0,69.7,9.1,63.4,,11.166666666666666,-0.75
Sabah,Ranau,2024,88.6,5330.0,3470.0,2905.0,0.441,23.5,40.3,36.6,3.7,17.1,70.2,9.3,63.8,,11.833333333333334,0.6666666666666679
Sabah,Ranau,2025,89.1,,,,,,,,,,,,,,11.5,-0.3333333333333339
Sabah,Sandakan,2020,439.1,,,,,,,235.7,16.6,87.4,71.8,7.5,,7911.0978,10.166666666666666,
Sabah,Sandakan,2021,432.1,,,,,,220.9,204.5,16.4,85.6,72.1,7.4,66.7,,9.083333333333334,-1.0833333333333321
Sabah,Sandakan,2022,435.3,6030.0,4828.0,3315.0,0.347,17.7,223.5,207.5,16.0,86.7,72.0,7.1,66.9,,19.5,10.416666666666666
Sabah,Sandakan,2023,470.4,,,,,,244.0,227.2,16.8,92.2,72.6,6.9,67.6,,17.083333333333332,-2.416666666666668
Sabah,Sandakan,2024,499.4,6648.0,5314.0,3677.0,0.355,15.2,261.5,243.8,17.7,96.5,73.0,6.8,68.1,,16.416666666666668,-0.6666666666666643
Sabah,Sandakan,2025,504.5,,,,,,,,,,,,,,16.25,-0.16666666666666785
Sabah,Semporna,2020,166.6,,,,,,,23.3,6.8,41.2,64.5,9.1,,1647.089,8.833333333333334,
Sabah,Semporna,2021,160.4,,,,,,73.5,66.5,7.1,38.7,65.5,9.6,59.3,,8.083333333333334,-0.75
Sabah,Semporna,2022,165.4,5098.0,4093.0,2466.0,0.341,28.0,76.8,70.2,6.6,39.0,66.3,8.6,60.6,,19.333333333333332,11.249999999999998
Sabah,Semporna,2023,186.0,,,,,,88.6,81.2,7.5,41.9,67.9,8.4,62.2,,18.25,-1.0833333333333321
Sabah,Semporna,2024,199.4,5604.0,4059.0,2567.0,0.411,30.4,96.9,88.8,8.1,43.1,69.2,8.4,63.4,,19.0,0.75
Sabah,Semporna,2025,201.4,,,,,,,,,,,,,,19.166666666666668,0.16666666666666785
Sabah,Sipitang,2020,37.8,,,,,,,8.3,1.5,7.3,68.8,9.3,,506.5014,0.0,
Sabah,Sipitang,2021,37.5,,,,,,16.4,14.8,1.6,7.7,68.2,9.9,61.4,,0.0,0.0
Sabah,Sipitang,2022,38.1,5479.0,4182.0,3093.0,0.36,22.1,17.0,15.6,1.5,7.8,68.6,8.6,62.9,,0.0,0.0
Sabah,Sipitang,2023,39.4,,,,,,18.1,16.6,1.5,7.8,69.9,8.5,64.1,,0.0,0.0
Sabah,Sipitang,2024,40.5,5548.0,4606.0,3341.0,0.306,15.3,19.2,17.5,1.7,7.8,71.2,8.7,64.8,,0.0,0.0
Sabah,Sipitang,2025,40.9,,,,,,,,,,,,,,0.08333333333333333,0.08333333333333333
Sabah,Tambunan,2020,31.6,,,,,,,30.6,1.3,6.3,67.4,9.6,,151.1283,,
Sabah,Tambunan,2021,31.7,,,,,,13.2,11.8,1.4,6.4,67.2,10.4,60.2,,,
Sabah,Tambunan,2022,32.1,5113.0,4055.0,3278.0,0.337,9.0,13.6,12.4,1.2,6.6,67.4,9.0,61.4,,,
Sabah,Tambunan,2023,32.7,,,,,,14.4,13.1,1.3,6.5,69.0,9.0,62.7,,,
Sabah,Tambunan,2024,33.3,5361.0,4854.0,3508.0,0.3,8.3,15.0,13.7,1.4,6.4,70.0,9.0,64.0,,,
Sabah,Tambunan,2025,33.7,,,,,,,,,,,,,,,
Sabah,Tawau,2020,372.6,,,,,,,31.4,15.4,79.7,70.1,8.2,,6535.2142,12.916666666666666,
Sabah,Tawau,2021,374.0,,,,,,188.1,172.6,15.4,81.0,69.9,8.2,64.1,,12.75,-0.16666666666666607
Sabah,Tawau,2022,369.6,6315.0,4783.0,3118.0,0.388,14.4,189.4,175.2,14.2,77.4,71.0,7.5,65.7,,25.333333333333332,12.583333333333332
Sabah,Tawau,2023,394.2,,,,,,205.7,191.4,14.3,79.3,72.2,7.0,67.2,,24.333333333333332,-1.0
Sabah,Tawau,2024,413.6,6751.0,4852.0,3182.0,0.389,13.2,219.7,204.2,15.5,79.9,73.3,7.1,68.2,,22.833333333333332,-1.5
Sabah,Tawau,2025,416.4,,,,,,,,,,,,,,21.5,-1.3333333333333321
Sabah,Telupid,2020,29.2,,,,,,,104.1,1.0,10.4,50.3,9.7,,605.5869,0.0,
Sabah,Telupid,2021,29.6,,,,,,10.8,9.7,1.2,10.5,50.6,10.6,45.5,,0.0,0.0
Sabah,Telupid,2022,28.9,4819.0,3953.0,2538.0,0.321,20.8,10.6,9.6,1.0,10.2,50.9,9.1,46.2,,0.0,0.0
Sabah,Telupid,2023,30.3,,,,,,11.4,10.3,1.0,10.5,52.0,9.1,47.0,,0.08333333333333333,0.08333333333333333
Sabah,Telupid,2024,31.2,4877.0,4489.0,2659.0,0.267,22.0,12.1,10.9,1.1,10.5,53.4,9.3,48.2,,0.0,-0.08333333333333333
Sabah,Telupid,2025,30.6,,,,,,,,,,,,,,0.08333333333333333,0.08333333333333333
Sabah,Tenom,2020,51.3,,,,,,,19.2,2.3,10.7,66.8,10.5,,402.3878,0.08333333333333333,
Sabah,Tenom,2021,51.6,,,,,,22.1,19.4,2.7,10.8,67.2,12.3,59.0,,0.0,-0.08333333333333333
Sabah,Tenom,2022,52.0,5217.0,4045.0,3267.0,0.336,15.8,22.6,20.1,2.5,11.0,67.2,11.2,59.8,,0.25,0.25
Sabah,Tenom,2023,52.9,,,,,,23.6,21.0,2.6,11.1,68.0,10.9,60.5,,0.2916666666666667,0.041666666666666685
Sabah,Tenom,2024,53.8,5410.0,4161.0,3504.0,0.336,12.1,24.8,22.0,2.8,10.9,69.5,11.1,61.6,,0.2916666666666667,0.0
Sabah,Tenom,2025,54.2,,,,,,,,,,,,,,0.125,-0.16666666666666669
Sabah,Tongod,2020,42.7,,,,,,83.0,12.9,1.7,15.2,48.9,11.4,13.1,192.5608,0.0,
Sabah,Tongod,2021,42.2,,,,,,14.9,13.2,1.7,14.7,50.3,11.3,44.6,,0.0,0.0
Sabah,Tongod,2022,42.2,4019.0,2856.0,2445.0,0.347,50.8,15.1,13.7,1.4,14.5,51.1,9.5,46.3,,0.0,0.0
Sabah,Tongod,2023,44.0,,,,,,16.1,14.6,1.5,14.9,52.0,9.4,47.1,,0.0,0.0
Sabah,Tongod,2024,44.9,4090.0,3470.0,2465.0,0.344,41.5,16.8,15.2,1.6,15.0,52.8,9.7,47.8,,0.0,0.0
Sabah,Tongod,2025,43.7,,,,,,,,,,,,,,0.0,0.0
Sabah,Tuaran,2020,135.7,,,,,,90.1,49.0,5.1,32.0,62.9,9.5,40.1,1298.7993,1.8333333333333333,
Sabah,Tuaran,2021,136.5,,,,,,54.9,49.4,5.5,32.9,62.6,10.1,56.3,,2.8333333333333335,1.0000000000000002
Sabah,Tuaran,2022,137.1,5166.0,3921.0,3133.0,0.366,25.8,56.2,51.3,4.9,33.4,62.7,8.7,57.3,,2.6666666666666665,-0.16666666666666696
Sabah,Tuaran,2023,140.0,,,,,,58.7,53.6,5.1,33.9,63.4,8.7,57.9,,2.1666666666666665,-0.5
Sabah,Tuaran,2024,142.2,5388.0,4277.0,3185.0,0.342,23.7,60.5,55.2,5.3,34.8,63.5,8.8,57.9,,2.1666666666666665,0.0
Sabah,Tuaran,2025,142.8,,,,,,,,,,,,,,2.4166666666666665,0.25
Sarawak,Asajaya,2020,33.6,,,,,,14.5,14.0,0.5,7.4,66.0,3.5,63.9,335.0814,0.0,
Sarawak,Asajaya,2021,33.8,,,,,,14.5,13.9,0.5,7.8,65.0,3.6,62.3,,0.0,0.0
Sarawak,Asajaya,2022,34.1,4557.0,3929.0,3039.0,0.301,17.9,14.7,14.3,0.4,7.8,65.4,2.8,63.6,,0.08333333333333333,0.08333333333333333
Sarawak,Asajaya,2023,34.5,,,,,,15.2,15.0,0.4,7.5,67.2,2.5,66.1,,0.0,-0.08333333333333333
Sarawak,Asajaya,2024,34.8,5165.0,4447.0,3598.0,0.326,14.0,15.6,15.3,0.3,7.4,67.8,2.2,66.5,,0.0,0.0
Sarawak,Asajaya,2025,35.0,,,,,,,,,,,,,,0.0,0.0
Sarawak,Bau,2020,52.6,,,,,,24.9,23.8,1.0,12.2,67.1,4.1,64.2,498.6457,0.16666666666666666,
Sarawak,Bau,2021,52.9,,,,,,24.6,23.4,1.2,12.6,66.1,4.8,62.9,,0.5,0.33333333333333337
Sarawak,Bau,2022,53.1,5621.0,4735.0,3581.0,0.36,8.3,25.4,24.3,1.1,11.9,68.0,4.5,65.1,,1.6666666666666667,1.1666666666666667
Sarawak,Bau,2023,53.6,,,,,,26.4,25.5,0.9,11.5,69.6,3.2,67.3,,1.5,-0.16666666666666674
Sarawak,Bau,2024,53.8,5843.0,4885.0,3965.0,0.327,6.2,26.4,25.6,0.8,11.6,69.5,2.9,67.4,,1.25,-0.25
Sarawak,Bau,2025,54.0,,,,,,,,,,,,,,1.6666666666666667,0.41666666666666674
Sarawak,Belaga,2020,22.5,,,,,,11.3,10.3,0.9,5.9,65.6,8.3,59.9,1823.4619,0.0,
Sarawak,Belaga,2021,22.8,,,,,,11.4,10.5,0.9,6.2,64.8,8.0,59.7,,0.0,0.0
Sarawak,Belaga,2022,22.6,4239.0,3587.0,2224.0,0.33,19.5,11.3,10.5,0.9,6.1,64.8,7.5,60.3,,0.0,0.0
Sarawak,Belaga,2023,22.7,,,,,,11.7,11.0,0.7,6.1,65.9,6.3,61.8,,0.0,0.0
Sarawak,Belaga,2024,22.6,4903.0,3977.0,2757.0,0.313,13.6,11.8,11.1,0.7,5.9,66.7,5.9,62.7,,0.0,0.0
Sarawak,Belaga,2025,22.6,,,,,,,,,,,,,,0.08333333333333333,0.08333333333333333
Sarawak,Beluru,2020,28.7,,,,,,13.5,13.1,0.3,6.8,66.3,2.3,64.5,425.1636,0.0,
Sarawak,Beluru,2021,29.3,,,,,,13.7,13.4,0.3,7.3,65.2,2.4,63.8,,0.0,0.0
Sarawak,Beluru,2022,28.0,4873.0,4164.0,2386.0,0.302,13.7,13.5,13.2,0.3,6.6,67.0,2.0,65.7,,0.0,0.0
Sarawak,Beluru,2023,27.7,,,,,,13.6,13.4,0.2,6.5,67.5,1.5,66.7,,0.0,0.0
Sarawak,Beluru,2024,26.8,4927.0,4346.0,2844.0,0.238,10.1,13.3,13.0,0.2,6.2,68.0,1.6,66.7,,0.0,0.0
Sarawak,Beluru,2025,26.9,,,,,,,,,,,,,,0.0,0.0
Sarawak,Betong,2020,36.3,,,,,,16.0,15.5,0.5,9.0,64.0,3.0,62.0,773.9313,0.5,
Sarawak,Betong,2021,36.3,,,,,,15.7,15.2,0.5,9.2,63.0,3.1,61.0,,0.0,-0.5
Sarawak,Betong,2022,36.5,4422.0,3685.0,2849.0,0.305,9.8,15.9,15.5,0.4,9.2,63.3,2.5,61.8,,2.25,2.25
Sarawak,Betong,2023,36.8,,,,,,16.5,16.1,0.3,9.1,64.4,1.7,62.9,,4.75,2.5
Sarawak,Betong,2024,37.0,4572.0,4074.0,2877.0,0.269,7.6,16.6,16.3,0.3,9.0,64.8,1.9,63.7,,5.0,0.25
Sarawak,Betong,2025,37.2,,,,,,,,,,,,,,4.416666666666667,-0.583333333333333
Sarawak,Bintulu,2020,178.6,,,,,,88.5,85.5,3.0,41.0,68.3,3.4,66.0,35248.0715,9.166666666666666,
Sarawak,Bintulu,2021,177.0,,,,,,90.9,87.7,3.2,38.3,70.4,3.5,67.9,,7.583333333333333,-1.583333333333333
Sarawak,Bintulu,2022,179.7,9645.0,8567.0,4990.0,0.318,3.5,95.2,92.7,2.5,37.4,71.8,2.6,69.9,,14.166666666666666,6.583333333333333
Sarawak,Bintulu,2023,185.2,,,,,,100.5,100.0,2.4,36.9,73.5,2.4,72.8,,14.916666666666666,0.75
Sarawak,Bintulu,2024,189.0,10480.0,8317.0,5073.0,0.369,3.7,105.0,102.7,2.3,35.5,74.8,2.2,73.1,,14.666666666666666,-0.25
Sarawak,Bintulu,2025,190.1,,,,,,,,,,,,,,14.666666666666666,0.0
Sarawak,Bukit Mabong,2020,10.2,,,,,,4.3,4.2,0.2,2.6,62.5,3.5,60.9,71.7428,0.0,
Sarawak,Bukit Mabong,2021,10.3,,,,,,4.2,4.1,0.2,2.7,60.7,3.6,59.4,,0.0,0.0
Sarawak,Bukit Mabong,2022,10.4,3509.0,2948.0,2853.0,0.297,8.2,4.3,4.2,0.1,2.6,62.6,2.9,60.9,,0.0,0.0
Sarawak,Bukit Mabong,2023,10.6,,,,,,4.5,4.3,0.1,2.5,63.8,2.6,61.4,,0.0,0.0
Sarawak,Bukit Mabong,2024,10.6,3783.0,2589.0,3363.0,0.333,6.3,4.5,4.4,0.1,2.5,64.4,2.8,62.9,,0.08333333333333333,0.08333333333333333
Sarawak,Bukit Mabong,2025,10.7,,,,,,,,,,,,,,0.0,-0.08333333333333333
Sarawak,Dalat,2020,21.1,,,,,,9.4,9.0,0.4,4.9,65.8,3.7,62.9,369.9477,1.5833333333333333,
Sarawak,Dalat,2021,21.1,,,,,,9.2,8.8,0.4,5.0,64.6,3.9,62.0,,0.0,-1.5833333333333333
Sarawak,Dalat,2022,21.2,4841.0,4057.0,3044.0,0.315,11.1,9.3,9.0,0.3,5.1,64.7,3.2,62.5,,2.0,2.0
Sarawak,Dalat,2023,21.6,,,,,,9.7,9.4,0.3,5.1,65.6,3.0,63.5,,3.5,1.5
Sarawak,Dalat,2024,21.7,5416.0,4614.0,3079.0,0.355,10.1,9.8,9.6,0.2,5.1,65.9,2.3,64.4,,3.6666666666666665,0.16666666666666652
Sarawak,Dalat,2025,21.8,,,,,,,,,,,,,,5.0,1.3333333333333335
Sarawak,Daro,2020,19.5,,,,,,8.6,8.2,0.5,4.4,66.0,5.3,63.1,469.9616,0.0,
Sarawak,Daro,2021,19.5,,,,,,8.6,8.0,0.5,4.6,65.0,6.2,60.6,,0.08333333333333333,0.08333333333333333
Sarawak,Daro,2022,19.6,4368.0,3373.0,2997.0,0.389,32.5,8.7,8.2,0.5,4.5,65.7,5.7,62.1,,0.0,-0.08333333333333333
Sarawak,Daro,2023,19.9,,,,,,8.7,8.8,0.4,4.4,67.5,4.5,67.2,,0.0,0.0
Sarawak,Daro,2024,20.0,4913.0,3806.0,3076.0,0.326,26.8,9.2,8.9,0.3,4.4,67.6,3.8,65.4,,0.0,0.0
Sarawak,Daro,2025,20.3,,,,,,,,,,,,,,0.0,0.0
Sarawak,Julau,2020,15.3,,,,,,6.3,6.0,0.3,3.9,61.8,4.9,58.8,115.8674,0.0,
Sarawak,Julau,2021,15.3,,,,,,6.2,5.9,0.3,4.0,60.9,5.2,57.8,,0.0,0.0
Sarawak,Julau,2022,15.4,3548.0,2652.0,2842.0,0.374,31.2,6.3,6.1,0.3,3.9,61.7,4.5,59.8,,0.0,0.0
Sarawak,Julau,2023,15.5,,,,,,6.6,6.3,0.2,3.9,63.0,3.5,60.0,,0.0,0.0
Sarawak,Julau,2024,15.6,4363.0,3264.0,3401.0,0.36,26.6,6.7,6.5,0.2,3.9,63.3,3.0,61.3,,0.0,0.0
Sarawak,Julau,2025,15.7,,,,,,,,,,,,,,0.0,0.0
Sarawak,Kabong,2020,18.4,,,,,,7.9,7.7,0.2,4.6,63.3,3.1,61.6,59.4558,0.0,
Sarawak,Kabong,2021,18.5,,,,,,7.8,7.6,0.2,4.8,62.0,3.1,60.3,,0.0,0.0
Sarawak,Kabong,2022,18.6,4002.0,3500.0,3215.0,0.314,8.6,7.8,7.7,0.2,4.8,62.2,2.5,61.1,,0.0,0.0
Sarawak,Kabong,2023,18.8,,,,,,8.1,8.0,0.2,4.6,63.7,1.9,63.0,,0.16666666666666666,0.16666666666666666
Sarawak,Kabong,2024,19.0,4136.0,3407.0,3225.0,0.289,4.5,8.2,8.0,0.2,4.5,64.2,2.0,63.0,,0.0,-0.16666666666666666
Sarawak,Kabong,2025,19.1,,,,,,,,,,,,,,0.0,0.0
Sarawak,Kanowit,2020,24.7,,,,,,10.1,9.4,0.7,5.9,62.9,6.6,58.8,387.6767,0.0,
Sarawak,Kanowit,2021,24.7,,,,,,10.0,9.2,0.8,6.1,62.1,7.7,57.1,,0.0,0.0
Sarawak,Kanowit,2022,24.6,3711.0,2648.0,2940.0,0.386,24.9,10.1,9.5,0.6,6.0,62.7,6.3,59.0,,0.0,0.0
Sarawak,Kanowit,2023,24.9,,,,,,10.5,9.9,0.6,5.9,63.9,5.8,60.4,,0.0,0.0
Sarawak,Kanowit,2024,25.0,4549.0,3511.0,3240.0,0.343,21.8,10.6,10.0,0.6,5.9,64.3,5.3,60.6,,0.0,0.0
Sarawak,Kanowit,2025,25.1,,,,,,,,,,,,,,0.0,0.0
Sarawak,Kapit,2020,36.0,,,,,,15.5,14.7,0.8,8.4,64.9,4.9,61.5,1596.1039,0.0,
Sarawak,Kapit,2021,36.0,,,,,,15.4,14.5,0.9,8.7,63.9,5.9,60.2,,0.0,0.0
Sarawak,Kapit,2022,36.2,4053.0,2902.0,3315.0,0.366,20.6,15.7,14.8,0.9,8.8,64.0,5.6,60.4,,0.36363636363636365,0.36363636363636365
Sarawak,Kapit,2023,36.6,,,,,,16.2,15.7,0.7,8.7,65.5,4.4,63.1,,0.2,-0.16363636363636364
Sarawak,Kapit,2024,36.9,4326.0,3259.0,3683.0,0.346,15.5,16.7,16.0,0.7,8.6,65.8,4.2,63.2,,0.09090909090909091,-0.1090909090909091
Sarawak,Kapit,2025,37.2,,,,,,,,,,,,,,0.25,0.1590909090909091
Sarawak,Kuching,2020,609.2,,,,,,287.9,276.8,11.1,136.8,67.8,3.9,65.2,26458.6842,37.75,
Sarawak,Kuching,2021,612.5,,,,,,294.2,283.0,11.2,135.9,68.4,3.8,65.8,,28.666666666666668,-9.083333333333332
Sarawak,Kuching,2022,615.8,7588.0,5968.0,4687.0,0.376,9.1,303.2,294.0,9.2,129.0,70.2,3.0,68.0,,60.083333333333336,31.416666666666668
Sarawak,Kuching,2023,621.3,,,,,,312.4,306.0,9.1,125.9,71.4,2.9,69.8,,66.5,6.416666666666664
Sarawak,Kuching,2024,625.0,8237.0,6741.0,5184.0,0.349,7.7,319.5,310.4,9.0,122.6,72.3,2.8,70.2,,68.33333333333333,1.8333333333333286
Sarawak,Kuching,2025,627.2,,,,,,,,,,,,,,70.25,1.9166666666666714
Sarawak,Lawas,2020,36.6,,,,,,15.3,14.4,0.9,8.7,63.7,6.1,60.0,369.1372,0.1,
Sarawak,Lawas,2021,36.9,,,,,,15.2,14.2,1.0,9.0,62.7,6.5,58.7,,0.36363636363636365,0.26363636363636367
Sarawak,Lawas,2022,37.2,4476.0,3183.0,2934.0,0.406,18.1,15.4,14.5,0.9,9.1,63.0,5.7,59.2,,0.8,0.4363636363636364
Sarawak,Lawas,2023,37.7,,,,,,17.1,15.3,0.8,9.1,64.0,4.9,58.4,,0.6666666666666666,-0.13333333333333341
Sarawak,Lawas,2024,38.1,5050.0,3929.0,3241.0,0.35,14.6,16.3,15.6,0.8,8.9,64.6,4.6,61.9,,0.6666666666666666,0.0
Sarawak,Lawas,2025,38.4,,,,,,,,,,,,,,0.5,-0.16666666666666663
Sarawak,Limbang,2020,45.1,,,,,,20.2,19.4,0.7,10.1,66.6,3.7,64.0,459.8608,0.9,
Sarawak,Limbang,2021,45.3,,,,,,20.1,19.4,0.8,10.5,65.7,3.7,63.4,,1.0,0.09999999999999998
Sarawak,Limbang,2022,45.6,5148.0,4023.0,3184.0,0.351,14.6,20.8,20.2,0.6,10.2,67.2,3.0,65.2,,1.1666666666666667,0.16666666666666674
Sarawak,Limbang,2023,46.1,,,,,,21.7,21.1,0.6,10.1,68.2,2.8,66.4,,1.0,-0.16666666666666674
Sarawak,Limbang,2024,46.5,5202.0,4060.0,3457.0,0.385,14.4,22.0,21.4,0.6,10.0,68.7,2.7,66.9,,1.0,0.0
Sarawak,Limbang,2025,46.7,,,,,,,,,,,,,,1.0,0.0
Sarawak,Lubok Antu,2020,24.6,,,,,,10.8,10.4,0.4,5.8,65.0,3.6,62.7,255.7068,0.0,
Sarawak,Lubok Antu,2021,24.7,,,,,,10.7,10.3,0.4,6.0,64.1,3.7,61.7,,0.0,0.0
Sarawak,Lubok Antu,2022,24.6,4129.0,3548.0,3178.0,0.352,14.8,10.7,10.3,0.3,5.9,64.2,2.9,62.0,,0.0,0.0
Sarawak,Lubok Antu,2023,24.6,,,,,,11.0,10.7,0.3,5.8,65.5,2.6,63.7,,0.0,0.0
Sarawak,Lubok Antu,2024,24.6,4820.0,4169.0,3564.0,0.311,13.0,11.1,10.8,0.2,5.6,66.3,2.1,64.7,,0.0,0.0
Sarawak,Lubok Antu,2025,24.6,,,,,,,,,,,,,,0.0,0.0
Sarawak,Lundu,2020,33.5,,,,,,15.0,14.4,0.5,7.8,65.8,3.6,63.2,529.0368,1.5,
Sarawak,Lundu,2021,33.7,,,,,,14.9,14.3,0.5,8.1,64.8,3.6,62.2,,0.8333333333333334,-0.6666666666666666
Sarawak,Lundu,2022,33.8,4935.0,3692.0,3161.0,0.352,13.1,15.0,14.6,0.4,8.1,65.1,2.9,63.2,,1.5,0.6666666666666666
Sarawak,Lundu,2023,34.2,,,,,,15.6,15.5,0.4,7.7,67.2,2.5,66.5,,1.25,-0.25
Sarawak,Lundu,2024,34.4,5170.0,3918.0,3370.0,0.345,12.9,16.1,15.7,0.4,7.6,67.9,2.7,66.2,,1.0833333333333333,-0.16666666666666674
Sarawak,Lundu,2025,34.8,,,,,,,,,,,,,,0.75,-0.33333333333333326
Sarawak,Maradong,2020,20.3,,,,,,7.5,7.2,0.3,4.0,65.4,3.7,62.6,172.2554,0.0,
Sarawak,Maradong,2021,20.4,,,,,,8.6,8.0,0.6,5.1,62.9,6.7,58.4,,0.0,0.0
Sarawak,Maradong,2022,20.5,4117.0,3259.0,2674.0,0.362,19.5,8.8,8.3,0.5,5.0,63.8,5.7,60.1,,0.0,0.0
Sarawak,Maradong,2023,20.7,,,,,,9.2,8.7,0.5,4.9,65.1,5.5,61.7,,0.0,0.0
Sarawak,Maradong,2024,20.8,4208.0,3472.0,2864.0,0.303,16.9,9.3,8.8,0.5,4.9,65.4,5.1,62.0,,0.0,0.0
Sarawak,Maradong,2025,20.9,,,,,,,,,,,,,,0.0,0.0
Sarawak,Marudi,2020,18.8,,,,,,8.6,8.1,0.5,4.9,63.5,6.0,60.0,462.9671,0.08333333333333333,
Sarawak,Marudi,2021,19.2,,,,,,8.9,8.7,0.2,4.8,65.2,2.5,63.5,,0.0,-0.08333333333333333
Sarawak,Marudi,2022,18.8,5373.0,4234.0,2557.0,0.361,12.9,9.0,8.8,0.2,4.5,66.7,2.2,65.2,,0.3333333333333333,0.3333333333333333
Sarawak,Marudi,2023,18.7,,,,,,9.1,8.9,0.2,4.4,67.5,1.7,65.9,,0.25,-0.08333333333333331
Sarawak,Marudi,2024,18.4,5430.0,4519.0,2705.0,0.309,4.4,9.0,8.8,0.2,4.2,68.1,2.1,66.7,,0.25,0.0
Sarawak,Marudi,2025,18.4,,,,,,,,,,,,,,0.08333333333333333,-0.16666666666666669
Sarawak,Matu,2020,16.3,,,,,,8.8,8.6,0.2,4.5,66.3,2.5,64.7,363.4494,0.0,
Sarawak,Matu,2021,16.6,,,,,,7.5,7.2,0.3,4.2,64.2,4.0,61.5,,0.0,0.0
Sarawak,Matu,2022,16.4,4362.0,3354.0,2811.0,0.369,20.8,7.3,7.1,0.2,4.1,64.2,3.2,62.3,,0.0,0.0
Sarawak,Matu,2023,16.5,,,,,,7.6,7.3,0.2,4.0,65.5,3.1,62.9,,0.0,0.0
Sarawak,Matu,2024,16.4,4417.0,3891.0,2992.0,0.308,9.1,7.5,7.3,0.2,3.9,66.1,2.5,64.0,,0.0,0.0
Sarawak,Matu,2025,16.6,,,,,,,,,,,,,,0.0,0.0
Sarawak,Miri,2020,248.9,,,,,,124.6,120.4,4.2,58.4,68.1,3.4,65.8,10103.8308,23.083333333333332,
Sarawak,Miri,2021,250.4,,,,,,129.2,124.6,4.6,55.3,70.0,3.6,67.5,,18.166666666666668,-4.916666666666664
Sarawak,Miri,2022,251.2,7932.0,6449.0,4333.0,0.342,6.3,130.7,127.0,3.7,54.5,70.6,2.8,68.6,,35.5,17.333333333333332
Sarawak,Miri,2023,254.4,,,,,,135.8,133.7,3.5,52.2,72.4,2.6,71.1,,42.166666666666664,6.666666666666664
Sarawak,Miri,2024,256.1,8166.0,6600.0,4609.0,0.307,3.8,138.5,134.8,3.7,51.4,72.9,2.7,71.0,,40.0,-2.1666666666666643
Sarawak,Miri,2025,257.7,,,,,,,,,,,,,,38.666666666666664,-1.3333333333333357
Sarawak,Mukah,2020,42.3,,,,,,20.0,19.3,0.7,9.8,67.2,3.6,64.8,2412.0187,1.5833333333333333,
Sarawak,Mukah,2021,42.8,,,,,,20.1,19.4,0.7,10.3,66.2,3.7,63.8,,1.5833333333333333,0.0
Sarawak,Mukah,2022,42.5,5962.0,4623.0,3615.0,0.386,14.0,20.4,19.8,0.6,9.6,68.1,3.0,66.0,,2.5,0.9166666666666667
Sarawak,Mukah,2023,42.7,,,,,,21.1,20.7,0.6,9.2,69.9,2.8,68.3,,2.0,-0.5
Sarawak,Mukah,2024,42.5,6373.0,5169.0,3650.0,0.34,11.9,21.4,20.9,0.6,8.8,70.9,2.6,69.2,,1.75,-0.25
Sarawak,Mukah,2025,42.7,,,,,,,,,,,,,,1.5833333333333333,-0.16666666666666674
Sarawak,Pakan,2020,15.5,,,,,,6.6,6.4,0.2,3.9,62.9,3.0,61.0,63.4752,0.0,
Sarawak,Pakan,2021,15.5,,,,,,6.6,6.5,0.2,4.1,62.1,2.8,60.7,,0.0,0.0
Sarawak,Pakan,2022,15.6,3936.0,3546.0,3076.0,0.312,17.6,6.7,6.5,0.2,4.0,62.5,2.5,60.7,,0.0,0.0
Sarawak,Pakan,2023,15.6,,,,,,7.0,6.8,0.1,4.0,63.8,1.7,61.8,,0.0,0.0
Sarawak,Pakan,2024,15.7,4473.0,3742.0,3444.0,0.306,14.5,7.0,6.9,0.1,3.9,64.1,1.6,63.3,,0.0,0.0
Sarawak,Pakan,2025,15.7,,,,,,,,,,,,,,0.0,0.0
Sarawak,Pusa,2020,19.6,,,,,,6.3,6.1,0.1,5.7,52.5,2.0,50.8,72.1176,0.0,
Sarawak,Pusa,2021,19.6,,,,,,6.1,6.0,0.1,5.9,50.5,1.6,50.0,,0.0,0.0
Sarawak,Pusa,2022,19.7,3395.0,3124.0,2389.0,0.225,17.2,6.2,6.1,0.1,5.9,51.2,1.5,50.4,,0.0,0.0
Sarawak,Pusa,2023,20.0,,,,,,6.6,6.6,0.1,5.8,53.5,1.2,53.2,,0.0,0.0
Sarawak,Pusa,2024,20.2,4155.0,3276.0,2736.0,0.339,14.6,6.9,6.8,0.1,5.8,54.2,1.7,53.5,,0.08333333333333333,0.08333333333333333
Sarawak,Pusa,2025,20.3,,,,,,,,,,,,,,0.0,-0.08333333333333333
Sarawak,Samarahan,2020,128.3,,,,,,64.0,60.5,3.5,30.6,67.7,5.5,64.0,1799.7432,0.3333333333333333,
Sarawak,Samarahan,2021,132.7,,,,,,66.3,62.2,4.1,32.1,67.4,6.2,63.2,,0.0,-0.3333333333333333
Sarawak,Samarahan,2022,133.5,7123.0,5953.0,4475.0,0.324,7.9,68.2,64.4,3.9,31.0,68.8,5.7,64.9,,1.1666666666666667,1.1666666666666667
Sarawak,Samarahan,2023,134.6,,,,,,70.9,67.1,3.8,30.4,70.0,5.3,66.2,,0.8333333333333334,-0.33333333333333337
Sarawak,Samarahan,2024,135.6,7965.0,6785.0,4973.0,0.322,6.3,72.0,67.9,4.1,29.6,70.9,5.7,66.8,,0.75,-0.08333333333333337
Sarawak,Samarahan,2025,136.6,,,,,,,,,,,,,,0.3333333333333333,-0.4166666666666667
Sarawak,Saratok,2020,23.1,,,,,,10.8,10.4,0.4,5.8,65.0,3.9,62.7,394.9447,0.0,
Sarawak,Saratok,2021,23.1,,,,,,10.6,10.2,0.4,6.0,63.9,4.0,61.4,,0.0,0.0
Sarawak,Saratok,2022,23.1,4621.0,3763.0,2974.0,0.29,7.4,10.6,10.3,0.4,5.9,64.1,3.3,62.4,,0.0,0.0
Sarawak,Saratok,2023,23.4,,,,,,10.9,10.6,0.4,5.8,65.5,3.3,63.5,,0.0,0.0
Sarawak,Saratok,2024,23.5,4796.0,3418.0,3127.0,0.352,5.0,11.0,10.6,0.3,5.7,65.9,3.1,63.5,,0.0,0.0
Sarawak,Saratok,2025,23.5,,,,,,,,,,,,,,0.0,0.0
Sarawak,Sarikei,2020,44.0,,,,,,20.1,19.0,1.1,10.0,66.8,5.4,63.1,996.1886,0.08333333333333333,
Sarawak,Sarikei,2021,44.2,,,,,,20.0,18.7,1.2,10.3,65.9,6.2,61.7,,0.0,-0.08333333333333333
Sarawak,Sarikei,2022,44.4,5440.0,3528.0,3078.0,0.449,20.9,20.6,19.4,1.2,10.0,67.4,5.7,63.4,,0.8333333333333334,0.8333333333333334
Sarawak,Sarikei,2023,44.7,,,,,,21.4,20.4,1.0,9.7,68.7,4.5,65.6,,0.6666666666666666,-0.16666666666666674
Sarawak,Sarikei,2024,45.0,5792.0,4675.0,3849.0,0.355,17.8,21.6,20.7,0.9,9.7,69.0,4.3,66.1,,0.25,-0.41666666666666663
Sarawak,Sarikei,2025,45.2,,,,,,,,,,,,,,0.25,0.0
Sarawak,Sebauh,2020,29.6,,,,,,15.5,15.2,0.3,7.7,66.8,2.1,65.5,424.2084,0.0,
Sarawak,Sebauh,2021,28.2,,,,,,14.6,14.2,0.3,7.6,65.7,2.4,64.0,,0.0,0.0
Sarawak,Sebauh,2022,29.1,5120.0,4428.0,2660.0,0.303,4.8,15.5,15.2,0.3,7.5,67.3,1.9,66.1,,0.0,0.0
Sarawak,Sebauh,2023,31.2,,,,,,17.1,16.9,0.2,7.9,68.3,1.5,67.6,,0.0,0.0
Sarawak,Sebauh,2024,31.3,5726.0,4636.0,3311.0,0.295,2.9,17.2,17.0,0.2,7.9,68.7,1.4,67.7,,0.0,0.0
Sarawak,Sebauh,2025,31.5,,,,,,,,,,,,,,0.0,0.0
Sarawak,Selangau,2020,19.8,,,,,,8.8,8.5,0.3,4.9,64.0,3.3,62.0,209.3725,0.0,
Sarawak,Selangau,2021,19.8,,,,,,8.6,8.4,0.3,5.1,62.8,3.2,61.3,,0.0,0.0
Sarawak,Selangau,2022,19.9,4128.0,3005.0,2798.0,0.393,19.6,8.8,8.6,0.2,5.1,63.2,2.5,61.9,,0.0,0.0
Sarawak,Selangau,2023,20.3,,,,,,9.3,9.2,0.2,5.0,65.4,1.9,64.3,,0.08333333333333333,0.08333333333333333
Sarawak,Selangau,2024,20.5,4688.0,4170.0,2947.0,0.291,17.2,9.6,9.4,0.2,4.9,66.2,2.3,64.8,,0.0,-0.08333333333333333
Sarawak,Selangau,2025,20.7,,,,,,,,,,,,,,0.0,0.0
Sarawak,Serian,2020,85.3,,,,,,31.6,29.5,2.1,27.8,53.2,6.7,49.7,932.9665,0.0,
Sarawak,Serian,2021,85.5,,,,,,31.8,29.1,2.7,26.5,54.5,8.6,49.9,,0.25,0.25
Sarawak,Serian,2022,86.0,4988.0,4074.0,3515.0,0.345,14.6,32.3,29.8,2.4,26.4,55.0,7.6,50.8,,1.4166666666666667,1.1666666666666667
Sarawak,Serian,2023,86.9,,,,,,39.8,31.9,2.4,25.4,57.5,6.9,48.9,,1.4166666666666667,0.0
Sarawak,Serian,2024,87.6,5113.0,4082.0,3594.0,0.326,11.8,34.5,32.2,2.3,25.3,57.7,6.7,53.8,,1.75,0.33333333333333326
Sarawak,Serian,2025,88.1,,,,,,,,,,,,,,1.75,0.0
Sarawak,Sibu,2020,248.1,,,,,,119.0,111.3,7.7,56.6,67.8,6.5,63.4,8279.2334,22.916666666666668,
Sarawak,Sibu,2021,247.6,,,,,,119.4,111.2,8.1,56.2,68.0,6.8,63.3,,15.083333333333334,-7.833333333333334
Sarawak,Sibu,2022,249.0,6645.0,5248.0,4366.0,0.374,10.2,122.4,115.1,7.3,55.1,69.0,6.0,64.8,,28.416666666666668,13.333333333333334
Sarawak,Sibu,2023,252.9,,,,,,129.2,121.0,7.2,54.8,70.1,5.6,65.8,,27.583333333333332,-0.8333333333333357
Sarawak,Sibu,2024,255.4,6842.0,5737.0,4490.0,0.32,6.3,130.7,123.3,7.4,53.2,71.1,5.7,67.0,,26.666666666666668,-0.9166666666666643
Sarawak,Sibu,2025,256.4,,,,,,,,,,,,,,27.0,0.33333333333333215
Sarawak,Simunjan,2020,36.2,,,,,,15.2,14.5,0.7,9.1,62.6,4.7,59.7,524.5008,0.0,
Sarawak,Simunjan,2021,36.4,,,,,,15.1,14.2,0.8,9.4,61.6,5.4,58.0,,0.0,0.0
Sarawak,Simunjan,2022,36.5,3917.0,3196.0,2874.0,0.314,17.9,15.1,14.5,0.7,9.3,61.9,4.5,59.4,,0.0,0.0
Sarawak,Simunjan,2023,36.9,,,,,,15.6,15.1,0.7,9.0,63.7,4.3,61.4,,0.0,0.0
Sarawak,Simunjan,2024,37.0,4246.0,3365.0,3130.0,0.311,14.9,15.7,15.1,0.7,9.0,63.6,4.2,61.1,,0.0,0.0
Sarawak,Simunjan,2025,37.3,,,,,,,,,,,,,,0.0,0.0
Sarawak,Song,2020,10.0,,,,,,3.4,3.2,0.2,2.9,54.1,4.5,50.8,312.3489,14.833333333333334,
Sarawak,Song,2021,10.0,,,,,,3.4,3.3,0.2,2.8,54.9,5.5,53.2,,13.75,-1.083333333333334
Sarawak,Song,2022,10.0,3477.0,2926.0,2841.0,0.322,15.8,3.5,3.3,0.2,2.8,55.3,4.8,52.4,,15.0,1.25
Sarawak,Song,2023,10.2,,,,,,3.6,3.5,0.1,2.8,56.3,3.3,54.7,,15.25,0.25
Sarawak,Song,2024,10.3,4077.0,3052.0,2939.0,0.344,11.3,3.7,3.5,0.1,2.8,56.9,3.7,53.8,,16.083333333333332,0.8333333333333321
Sarawak,Song,2025,10.4,,,,,,,,,,,,,,18.333333333333332,2.25
Sarawak,Sri Aman,2020,61.2,,,,,,27.3,26.3,0.9,13.8,66.4,3.4,64.0,783.9634,0.0,
Sarawak,Sri Aman,2021,61.3,,,,,,27.0,26.1,0.9,14.2,65.5,3.3,63.3,,0.08333333333333333,0.08333333333333333
Sarawak,Sri Aman,2022,61.1,4881.0,3704.0,3071.0,0.395,8.9,26.9,26.2,0.7,14.0,65.7,2.6,64.1,,0.8333333333333334,0.75
Sarawak,Sri Aman,2023,61.3,,,,,,27.8,27.2,0.6,13.5,67.3,2.0,65.9,,0.8333333333333334,0.0
Sarawak,Sri Aman,2024,61.3,5349.0,3967.0,3378.0,0.383,6.2,27.9,27.5,0.4,13.2,67.8,1.6,66.9,,0.08333333333333333,-0.75
Sarawak,Sri Aman,2025,61.3,,,,,,,,,,,,,,0.08333333333333333,0.0
Sarawak,Subis,2020,57.3,,,,,,28.7,27.9,0.8,13.8,67.6,2.7,65.6,867.81,0.0,
Sarawak,Subis,2021,58.7,,,,,,29.4,28.6,0.8,14.5,67.1,2.8,65.1,,0.0,0.0
Sarawak,Subis,2022,56.6,6390.0,5194.0,2756.0,0.341,4.7,28.9,28.2,0.7,13.2,68.6,2.4,67.0,,0.0,0.0
Sarawak,Subis,2023,56.0,,,,,,29.5,29.0,0.5,12.7,69.9,1.7,68.7,,0.0,0.0
Sarawak,Subis,2024,55.5,6475.0,5531.0,3967.0,0.274,2.4,29.4,28.9,0.5,12.3,70.5,1.5,69.3,,0.0,0.0
Sarawak,Subis,2025,55.6,,,,,,,,,,,,,,0.0,0.0
Sarawak,Tanjung Manis,2020,7.9,,,,,,3.4,3.2,0.2,2.1,61.9,6.2,58.2,148.518,,
Sarawak,Tanjung Manis,2021,8.1,,,,,,,,,,,,,,,
Sarawak,Tanjung Manis,2022,7.9,4017.0,3300.0,2899.0,0.334,20.7,,,,,,,,,,
Sarawak,Tanjung Manis,2023,8.0,,,,,,,,,,,,,,,
Sarawak,Tanjung Manis,2024,7.9,4457.0,3837.0,2902.0,0.303,15.4,,,,,,,,,,
Sarawak,Tanjung Manis,2025,7.9,,,,,,,,,,,,,,,
Sarawak,Tatau,2020,31.9,,,,,,15.2,14.6,0.6,7.3,67.5,3.9,64.9,416.6217,0.0,
Sarawak,Tatau,2021,32.4,,,,,,15.3,14.6,0.7,7.7,66.6,4.5,63.5,,0.0,0.0
Sarawak,Tatau,2022,32.0,5617.0,4787.0,3066.0,0.303,5.9,15.6,15.1,0.5,7.2,68.5,3.2,66.2,,0.0,0.0
Sarawak,Tatau,2023,32.1,,,,,,15.9,15.7,0.5,7.0,69.9,3.1,68.6,,0.0,0.0
Sarawak,Tatau,2024,31.9,5807.0,4409.0,3071.0,0.308,2.6,16.3,15.8,0.5,6.7,70.7,2.8,68.7,,0.0,0.0
Sarawak,Tatau,2025,32.2,,,,,,,,,,,,,,0.0,0.0
Sarawak,Tebedu,2020,25.2,,,,,,8.4,7.9,0.6,9.1,48.2,6.7,45.1,71.173,0.0,
Sarawak,Tebedu,2021,25.2,,,,,,8.2,7.5,0.7,9.4,46.5,8.6,42.6,,0.0,0.0
Sarawak,Tebedu,2022,25.3,3218.0,2579.0,2397.0,0.312,26.9,8.2,7.6,0.6,9.5,46.6,7.6,42.9,,0.0,0.0
Sarawak,Tebedu,2023,25.5,,,,,,9.5,8.2,0.5,9.3,48.6,5.9,43.6,,0.0,0.0
Sarawak,Tebedu,2024,25.7,3375.0,3024.0,2639.0,0.249,25.8,8.9,8.4,0.5,9.2,49.1,6.1,46.4,,0.0,0.0
Sarawak,Tebedu,2025,25.9,,,,,,,,,,,,,,0.0,0.0
Sarawak,Telang Usan,2020,17.4,,,,,,8.1,7.9,0.2,4.2,66.0,2.0,64.2,88.2438,0.0,
Sarawak,Telang Usan,2021,17.4,,,,,,8.2,8.0,0.1,4.4,65.1,1.7,63.5,,0.0,0.0
Sarawak,Telang Usan,2022,17.4,4692.0,3870.0,2578.0,0.311,6.0,8.3,8.2,0.1,4.4,65.6,1.6,64.6,,0.08333333333333333,0.08333333333333333
Sarawak,Telang Usan,2023,17.4,,,,,,8.9,8.7,0.1,4.3,67.2,1.2,65.9,,0.09090909090909091,0.007575757575757583
Sarawak,Telang Usan,2024,17.4,4795.0,4281.0,2824.0,0.229,1.3,8.9,8.8,0.1,4.2,67.8,1.5,67.2,,0.0,-0.09090909090909091
Sarawak,Telang Usan,2025,17.4,,,,,,,,,,,,,,0.0,0.0
Selangor,Gombak,2020,942.4,,,,,,497.1,472.5,24.7,169.3,74.6,5.0,70.9,27484.4903,6.25,
Selangor,Gombak,2021,948.0,,,,,,501.8,472.4,29.4,168.1,74.9,5.9,70.5,,5.166666666666667,-1.083333333333333
Selangor,Gombak,2022,950.2,13523.0,10180.0,6673.0,0.392,2.4,498.0,473.5,24.5,175.4,73.9,4.9,70.3,,10.916666666666666,5.749999999999999
Selangor,Gombak,2023,966.2,,,,,,513.3,495.0,18.3,171.8,74.9,3.6,72.3,,10.833333333333334,-0.08333333333333215
Selangor,Gombak,2024,979.9,14168.0,10777.0,7326.0,0.366,2.1,527.5,511.6,15.9,169.6,75.7,3.0,73.4,,10.166666666666666,-0.6666666666666679
Selangor,Gombak,2025,985.4,,,,,,,,,,,,,,11.333333333333334,1.1666666666666679
Selangor,Klang,2020,1088.9,,,,,,599.6,575.8,23.9,182.7,76.6,4.0,73.6,50234.422,21.833333333333332,
Selangor,Klang,2021,1078.7,,,,,,599.6,570.4,29.3,168.3,78.1,4.9,74.3,,20.333333333333332,-1.5
Selangor,Klang,2022,1094.1,10278.0,8203.0,6622.0,0.347,2.2,620.0,592.1,27.9,164.1,79.1,4.5,75.5,,29.083333333333332,8.75
Selangor,Klang,2023,1134.0,,,,,,646.1,625.3,20.7,164.9,79.7,3.2,77.1,,30.666666666666668,1.5833333333333357
Selangor,Klang,2024,1174.7,10912.0,8837.0,6927.0,0.299,1.0,674.6,657.0,17.6,165.5,80.3,2.6,78.2,,26.75,-3.916666666666668
Selangor,Klang,2025,1183.0,,,,,,,,,,,,,,26.166666666666668,-0.5833333333333321
Selangor,Kuala Langat,2020,307.4,,,,,,160.1,153.8,6.3,55.6,74.2,3.9,71.3,10351.0176,0.08333333333333333,
Selangor,Kuala Langat,2021,312.2,,,,,,160.1,155.0,5.0,57.8,73.5,3.1,71.1,,0.08333333333333333,0.0
Selangor,Kuala Langat,2022,314.5,11048.0,10093.0,5621.0,0.277,0.3,161.5,157.9,3.6,57.5,73.7,2.2,72.1,,0.08333333333333333,0.0
Selangor,Kuala Langat,2023,320.7,,,,,,165.1,162.4,2.6,57.3,74.2,1.6,73.0,,0.0,-0.08333333333333333
Selangor,Kuala Langat,2024,326.4,11714.0,10583.0,6123.0,0.16,0.3,168.9,166.9,2.0,56.9,74.8,1.2,73.9,,0.0,0.0
Selangor,Kuala Langat,2025,329.0,,,,,,,,,,,,,,0.0,0.0
Selangor,Kuala Selangor,2020,281.7,,,,,,140.2,132.7,7.6,56.8,71.2,5.4,67.4,5328.5071,6.75,
Selangor,Kuala Selangor,2021,285.1,,,,,,143.4,136.6,6.8,57.0,71.5,4.7,68.2,,7.833333333333333,1.083333333333333
Selangor,Kuala Selangor,2022,287.6,9410.0,7644.0,5543.0,0.346,2.8,143.5,137.1,6.3,58.4,71.1,4.4,67.9,,8.083333333333334,0.2500000000000009
Selangor,Kuala Selangor,2023,293.2,,,,,,144.7,140.1,4.6,60.6,70.5,3.1,68.2,,6.25,-1.833333333333334
Selangor,Kuala Selangor,2024,298.4,10584.0,8046.0,5974.0,0.35,1.8,147.3,143.6,3.8,61.3,70.6,2.6,68.8,,5.5,-0.75
Selangor,Kuala Selangor,2025,301.6,,,,,,,,,,,,,,5.416666666666667,-0.08333333333333304
Selangor,Petaling,2020,2298.1,,,,,,1262.2,1210.2,52.0,380.0,76.9,4.1,73.7,165748.2258,15.166666666666666,
Selangor,Petaling,2021,2315.7,,,,,,1297.9,1249.7,48.2,364.9,78.1,3.7,75.2,,13.083333333333334,-2.083333333333332
Selangor,Petaling,2022,2304.8,12760.0,9618.0,7721.0,0.392,1.6,1297.9,1255.3,42.6,353.6,78.6,3.3,76.0,,22.75,9.666666666666666
Selangor,Petaling,2023,2334.7,,,,,,1327.4,1295.7,31.7,347.2,79.3,2.4,77.4,,24.75,2.0
Selangor,Petaling,2024,2359.7,14422.0,10688.0,8210.0,0.387,1.0,1354.1,1326.6,27.5,343.8,79.8,2.0,78.1,,22.833333333333332,-1.9166666666666679
Selangor,Petaling,2025,2370.6,,,,,,,,,,,,,,23.166666666666668,0.3333333333333357
Selangor,Sabak Bernam,2020,107.1,,,,,,53.9,52.1,1.8,20.0,72.9,3.3,70.5,2253.3286,0.5,
Selangor,Sabak Bernam,2021,107.5,,,,,,53.2,51.2,2.0,21.1,71.6,3.8,68.9,,0.08333333333333333,-0.4166666666666667
Selangor,Sabak Bernam,2022,107.9,6930.0,5533.0,5128.0,0.321,5.3,53.5,51.9,1.6,21.1,71.7,3.0,69.6,,0.3333333333333333,0.25
Selangor,Sabak Bernam,2023,109.2,,,,,,53.5,52.3,1.2,21.9,71.0,2.2,69.4,,0.16666666666666666,-0.16666666666666666
Selangor,Sabak Bernam,2024,110.3,8033.0,6941.0,5621.0,0.268,2.7,54.5,53.4,1.0,21.8,71.4,1.9,70.0,,0.0,-0.16666666666666666
Selangor,Sabak Bernam,2025,110.5,,,,,,,,,,,,,,0.16666666666666666,0.16666666666666666
Selangor,Sepang,2020,325.2,,,,,,176.1,168.9,7.3,55.5,76.0,4.1,72.9,12628.4314,13.0,
Selangor,Sepang,2021,330.7,,,,,,177.4,168.7,8.7,57.5,75.5,4.9,71.8,,15.166666666666666,2.166666666666666
Selangor,Sepang,2022,331.5,13673.0,12608.0,6976.0,0.229,0.0,178.9,171.1,7.8,55.7,76.3,4.4,72.9,,13.75,-1.416666666666666
Selangor,Sepang,2023,339.2,,,,,,182.5,176.8,5.7,56.0,76.5,3.1,74.1,,11.416666666666666,-2.333333333333334
Selangor,Sepang,2024,347.0,15906.0,11131.0,7676.0,0.332,0.1,186.6,181.8,4.7,56.6,76.7,2.5,74.8,,9.5,-1.916666666666666
Selangor,Sepang,2025,350.4,,,,,,,,,,,,,,8.583333333333334,-0.9166666666666661
Selangor,Ulu Langat,2020,1400.5,,,,,,,,,,,,,42308.7658,,
Selangor,Ulu Langat,2021,1393.3,,,,,,747.3,711.8,35.4,242.9,75.5,4.7,71.9,,,
Selangor,Ulu Langat,2022,1413.3,13386.0,11210.0,6289.0,0.326,0.5,767.5,738.5,29.0,236.2,76.5,3.8,73.6,,,
Selangor,Ulu Langat,2023,1460.3,,,,,,798.6,777.0,21.7,237.6,77.1,2.7,75.0,,,
Selangor,Ulu Langat,2024,1508.0,13822.0,11404.0,6758.0,0.219,0.1,829.6,810.9,18.7,242.2,77.4,2.3,75.7,,,
Selangor,Ulu Langat,2025,1516.6,,,,,,,,,,,,,,,
Selangor,Ulu Selangor,2020,243.0,,,,,,,,,,,,,10468.1113,,
Selangor,Ulu Selangor,2021,243.4,,,,,,128.9,125.2,3.7,41.1,75.8,2.9,73.6,,,
Selangor,Ulu Selangor,2022,246.4,8779.0,7678.0,4604.0,0.297,1.7,132.1,129.0,3.1,40.0,76.8,2.4,75.0,,,
Selangor,Ulu Selangor,2023,252.2,,,,,,136.5,134.2,2.3,39.6,77.5,1.7,76.2,,,
Selangor,Ulu Selangor,2024,258.3,9499.0,8485.0,5425.0,0.299,0.4,140.4,138.4,2.0,40.1,77.8,1.4,76.7,,,
Selangor,Ulu Selangor,2025,259.8,,,,,,,,,,,,,,,
Terengganu,Besut,2020,154.2,,,,,,59.3,56.9,2.4,39.2,60.2,4.1,57.8,2050.4281,1.75,
Terengganu,Besut,2021,156.8,,,,,,58.8,56.2,2.6,41.5,58.6,4.5,56.0,,1.0833333333333333,-0.6666666666666667
Terengganu,Besut,2022,159.3,6285.0,4743.0,4191.0,0.33,12.7,60.4,58.1,2.4,41.9,59.0,3.9,56.8,,1.75,0.6666666666666667
Terengganu,Besut,2023,162.6,,,,,,62.1,59.7,2.4,42.8,59.2,3.8,56.9,,1.4166666666666667,-0.33333333333333326
Terengganu,Besut,2024,165.4,6747.0,5820.0,4339.0,0.311,13.1,64.1,61.8,2.2,42.9,59.9,3.5,57.8,,1.5,0.08333333333333326
Terengganu,Besut,2025,167.5,,,,,,,,,,,,,,1.5,0.0
Terengganu,Dungun,2020,158.1,,,,,,59.6,57.2,2.5,45.6,56.7,4.1,54.4,3183.2993,2.25,
Terengganu,Dungun,2021,160.7,,,,,,60.5,58.2,2.4,46.2,56.7,4.0,54.5,,2.1666666666666665,-0.08333333333333348
Terengganu,Dungun,2022,162.5,7902.0,6356.0,5215.0,0.308,2.2,61.7,59.6,2.1,46.3,57.1,3.5,55.2,,2.6666666666666665,0.5
Terengganu,Dungun,2023,165.3,,,,,,63.1,60.9,2.1,47.0,57.3,3.4,55.3,,2.1666666666666665,-0.5
Terengganu,Dungun,2024,167.9,8055.0,7156.0,5833.0,0.308,4.4,65.1,63.1,2.0,47.1,58.0,3.1,56.2,,2.1666666666666665,0.0
Terengganu,Dungun,2025,169.9,,,,,,,,,,,,,,2.1666666666666665,0.0
Terengganu,Hulu Terengganu,2020,69.9,,,,,,26.1,25.1,1.0,20.2,56.3,3.7,54.2,1311.9714,0.0,
Terengganu,Hulu Terengganu,2021,71.6,,,,,,25.8,24.8,1.0,21.5,54.6,4.0,52.4,,0.0,0.0
Terengganu,Hulu Terengganu,2022,72.3,5821.0,5090.0,4332.0,0.293,10.8,26.2,25.2,1.0,21.4,55.0,3.8,52.9,,0.0,0.0
Terengganu,Hulu Terengganu,2023,73.7,,,,,,26.8,25.8,1.0,21.8,55.1,3.7,53.1,,0.0,0.0
Terengganu,Hulu Terengganu,2024,74.6,,,,,,27.4,26.5,0.9,21.7,55.8,3.3,54.0,,0.0,0.0
Terengganu,Hulu Terengganu,2025,74.8,,,,,,,,,,,,,,0.0,0.0
Terengganu,Kemaman,2020,215.6,,,,,,92.5,88.8,3.7,46.6,66.5,4.0,63.8,17515.874,1.1666666666666667,
Terengganu,Kemaman,2021,218.7,,,,,,94.0,90.5,3.5,47.8,66.3,3.8,63.8,,1.0833333333333333,-0.08333333333333348
Terengganu,Kemaman,2022,221.7,8381.0,6425.0,4978.0,0.378,4.1,96.7,93.8,2.9,48.5,66.6,3.0,64.6,,1.1666666666666667,0.08333333333333348
Terengganu,Kemaman,2023,226.7,,,,,,100.2,97.3,2.9,49.8,66.8,2.9,64.9,,1.0833333333333333,-0.08333333333333348
Terengganu,Kemaman,2024,231.7,8973.0,7709.0,5644.0,0.319,3.5,104.6,101.8,2.7,50.3,67.5,2.6,65.7,,1.0,-0.08333333333333326
Terengganu,Kemaman,2025,235.0,,,,,,,,,,,,,,1.0,0.0
Terengganu,Kuala Nerus,2020,145.6,,,,,,59.5,56.7,2.8,40.8,59.3,4.7,56.5,1427.1593,0.0,
Terengganu,Kuala Nerus,2021,149.3,,,,,,59.6,57.2,2.4,43.1,58.0,4.1,55.7,,0.0,0.0
Terengganu,Kuala Nerus,2022,151.1,7983.0,6800.0,5224.0,0.273,1.9,60.7,58.5,2.2,43.2,58.4,3.7,56.3,,0.0,0.0
Terengganu,Kuala Nerus,2023,153.6,,,,,,61.7,59.5,2.2,43.7,58.6,3.6,56.5,,0.0,0.0
Terengganu,Kuala Nerus,2024,155.8,8385.0,7304.0,5498.0,0.282,1.6,63.4,61.3,2.1,43.5,59.3,3.3,57.3,,0.0,0.0
Terengganu,Kuala Nerus,2025,157.5,,,,,,,,,,,,,,0.0,0.0
Terengganu,Kuala Terengganu,2020,229.8,,,,,,90.6,86.3,4.2,62.2,59.3,4.7,56.5,6041.2339,21.5,
Terengganu,Kuala Terengganu,2021,233.6,,,,,,89.3,85.6,3.7,64.5,58.0,4.1,55.7,,18.333333333333332,-3.166666666666668
Terengganu,Kuala Terengganu,2022,236.7,7109.0,5872.0,4881.0,0.3,5.9,90.7,87.3,3.3,64.5,58.4,3.7,56.2,,22.916666666666668,4.583333333333336
Terengganu,Kuala Terengganu,2023,241.0,,,,,,92.0,88.7,3.3,65.1,58.6,3.6,56.5,,19.0,-3.916666666666668
Terengganu,Kuala Terengganu,2024,245.1,7279.0,6615.0,5264.0,0.267,4.2,94.4,91.3,3.1,64.8,59.3,3.3,57.3,,17.916666666666668,-1.0833333333333321
Terengganu,Kuala Terengganu,2025,248.4,,,,,,,,,,,,,,17.0,-0.9166666666666679
Terengganu,Marang,2020,116.6,,,,,,43.0,41.5,1.6,32.9,56.7,3.6,54.7,1565.7133,1.9166666666666667,
Terengganu,Marang,2021,119.5,,,,,,44.1,42.4,1.7,33.8,56.6,3.8,54.4,,1.3333333333333333,-0.5833333333333335
Terengganu,Marang,2022,121.5,6357.0,5291.0,4675.0,0.325,9.0,45.3,43.9,1.4,34.0,57.1,3.0,55.4,,2.25,0.9166666666666667
Terengganu,Marang,2023,124.2,,,,,,46.5,45.1,1.4,34.7,57.3,3.0,55.5,,1.9166666666666667,-0.33333333333333326
Terengganu,Marang,2024,126.7,6807.0,6246.0,5141.0,0.281,7.3,48.1,46.8,1.3,34.9,58.0,2.6,56.4,,1.6666666666666667,-0.25
Terengganu,Marang,2025,128.8,,,,,,,,,,,,,,1.3333333333333333,-0.3333333333333335
Terengganu,Setiu,2020,59.7,,,,,,25.0,23.7,1.2,13.5,64.9,4.9,61.6,898.3523,0.16666666666666666,
Terengganu,Setiu,2021,60.5,,,,,,24.7,23.5,1.3,14.4,63.3,5.1,60.1,,0.25,0.08333333333333334
Terengganu,Setiu,2022,61.5,6030.0,5211.0,4017.0,0.275,7.5,25.5,24.4,1.0,14.4,63.8,4.0,61.2,,0.25,0.0
Terengganu,Setiu,2023,62.9,,,,,,26.2,25.2,1.0,14.8,64.0,3.9,61.5,,0.08333333333333333,-0.16666666666666669
Terengganu,Setiu,2024,64.3,6359.0,6125.0,4314.0,0.214,4.7,27.3,26.3,1.0,14.9,64.7,3.6,62.3,,0.25,0.16666666666666669
Terengganu,Setiu,2025,64.9,,,,,,,,,,,,,,0.16666666666666666,-0.08333333333333334
W.P. Kuala Lumpur,W.P. Kuala Lumpur,2020,1982.1,,,,,,,,,,,,,217447.043,,
W.P. Kuala Lumpur,W.P. Kuala Lumpur,2021,1964.0,,,,,,,,,,,,,,,
W.P. Kuala Lumpur,W.P. Kuala Lumpur,2022,1961.2,13325.0,10234.0,7823.0,0.38,1.4,,,,,,,,,,
W.P. Kuala Lumpur,W.P. Kuala Lumpur,2023,2005.7,,,,,,,,,,,,,,,
W.P. Kuala Lumpur,W.P. Kuala Lumpur,2024,2067.5,,,,,,,,,,,,,,,
W.P. Kuala Lumpur,W.P. Kuala Lumpur,2025,2074.1,,,,,,,,,,,,,,,
W.P. Labuan,W.P. Labuan,2020,95.1,,,,,,,,,,,,,7613.361,,
W.P. Labuan,W.P. Labuan,2021,96.0,,,,,,,,,,,,,,,
W.P. Labuan,W.P. Labuan,2022,96.9,8250.0,6904.0,4176.0,0.3,2.5,,,,,,,,,,
W.P. Labuan,W.P. Labuan,2023,99.0,,,,,,,,,,,,,,,
W.P. Labuan,W.P. Labuan,2024,100.8,,,,,,,,,,,,,,,
W.P. Labuan,W.P. Labuan,2025,100.9,,,,,,,,,,,,,,,
W.P. Putrajaya,W.P. Putrajaya,2020,109.2,,,,,,,,,,,,,,,
W.P. Putrajaya,W.P. Putrajaya,2021,115.2,,,,,,,,,,,,,,,
W.P. Putrajaya,W.P. Putrajaya,2022,117.0,13473.0,10056.0,8897.0,0.368,0.1,,,,,,,,,,
W.P. Putrajaya,W.P. Putrajaya,2023,118.8,,,,,,,,,,,,,,,
W.P. Putrajaya,W.P. Putrajaya,2024,120.3,,,,,,,,,,,,,,,
W.P. Putrajaya,W.P. Putrajaya,2025,120.8,,,,,,,,,,,,,,,
