state,year,tourism_receipts_rm_million,tourism_receipts_rm,tourism_receipts_growth_pct,domestic_visitors_000,domestic_visitors,domestic_visitors_growth_pct,tourism_trips_000,tourism_trips_growth_pct,avg_receipts_per_visitor_rm,avg_receipts_per_trip_rm,average_length_of_stay,population_000,tourism_intensity_visitors_per_resident
Johor,2019,7409.67789125131,7409677891.25131,10.1579642985956,14274.3642667527,14274364.2667527,5.83608267248652,19135.5102140974,8.44209674541931,519.089869978284,387.221339193376,2.54156533635858,3761.2,3.7951622532044826
Johor,2020,2431.61988775028,2431619887.7502804,-67.183190370241,7242.508,7242508.0,-49.2621326970829,7915.18,-58.6361695536669,335.742796245483,307.209676564561,1.85128755704271,4009.7,1.8062468513853904
Johor,2021,1251.84930290302,1251849302.9030201,-48.5178868124317,3657.55,3657550.0,-49.4988476367579,3797.419,-52.023592640976,342.264440104173,329.657934218747,2.06019814260457,4020.0,0.9098383084577115
Johor,2022,4888.35148006201,4888351480.06201,290.490410365369,12376.202,12376202.0,238.374102883077,12964.945,241.414655585807,394.97993649926,377.043749901138,2.33780774616398,4028.3,3.0723138793039246
Johor,2023,6699.11884569231,6699118845.69231,37.0424952668774,15804.89,15804890.0,27.7038787828447,16493.661,27.2173618939378,423.863680524971,406.163243302521,2.17607397828371,4107.2,3.8480935917413324
Johor,2024,7814.41585763373,7814415857.63373,16.6484135844012,17138.338,17138338.0,8.43693312639315,19203.875,16.4318522127986,455.961123980268,406.918700399463,2.54702302372368,4184.4,4.095769524902018
Johor,2025,8722.92495205821,8722924952.05821,11.6260653512185,18196.973,18196973.0,6.17699919327068,21246.6601716389,10.6373592394186,479.361317514633,410.555112266633,2.67977442484637,4204.1,4.328387288599225
Kedah,2019,5208.13192969844,5208131929.698441,10.2376026405955,14831.1555133218,14831155.5133218,2.42497701428575,19500.3707313011,-0.752398068605808,351.16157503846,267.078611040896,2.30549889208375,2173.7,6.823000190146663
Kedah,2020,2272.69214593496,2272692145.93496,-56.3626233626045,10108.084,10108084.0,-31.8456071010744,10362.011,-46.862492294224,224.839064053579,219.32925432476,1.97006129028332,2131.4,4.742462231397204
Kedah,2021,842.205404074748,842205404.074748,-62.942389466116,4023.002,4023002.0,-60.2001526698828,4240.773,-59.0738419405268,209.347498230115,198.597143510098,1.96227888195383,2151.7,1.869685365060185
Kedah,2022,3469.82268561478,3469822685.61478,311.992450870907,11186.197,11186197.0,178.055964177994,11894.479,180.479030591828,310.187875791458,291.717080303793,2.1120801053992,2163.1,5.171373029448477
Kedah,2023,4206.61948328264,4206619483.2826405,21.2344221715559,13444.055,13444055.0,20.1843218030221,13687.381,15.0733966573904,312.898116177198,307.335602280863,2.02721858973257,2189.3,6.1408007125565245
Kedah,2024,4961.15023607227,4961150236.072269,17.9367483982847,14651.4879543306,14651487.954330599,8.98116642880886,15984.149,16.7801860706588,338.610675689487,310.379378725278,2.76758567052739,2217.1,6.6084019459341485
Kedah,2025,5520.25004061484,5520250040.6148405,11.2695600402782,15607.884,15607884.0,6.52763766144799,17650.0664675874,10.4223094240888,353.683435923463,312.760864144746,2.8191254738061,2227.1,7.008164878092587
Kelantan,2019,4800.04103126423,4800041031.26423,19.9591838148889,10985.6520100096,10985652.0100096,11.5733728270763,15911.2787640876,11.7559407942869,436.937291194975,301.675377726278,3.00996244733286,1883.8,5.831644553567045
Kelantan,2020,1555.12261713697,1555122617.1369698,-67.6018890878651,6058.183,6058183.0,-44.8536782843652,6568.194,-58.7198860796489,256.697860915884,236.765634074902,1.85860052110295,1792.5,3.379739470013947
Kelantan,2021,477.222127559975,477222127.55997497,-69.312893896524,1920.93,1920930.0,-68.291977974254,1971.69,-69.9812459863396,248.432856772488,242.037098915131,3.13854552971283,1812.3,1.0599404072173482
Kelantan,2022,2586.22406280686,2586224062.80686,441.932972812925,6627.155,6627155.0,244.997214890704,8783.75,345.493459925242,390.246502881984,294.432794968762,3.15837090332652,1830.6,3.6202092210204304
Kelantan,2023,3228.385093431,3228385093.4309998,24.830061704986,7549.37,7549370.0,13.9156998742296,9299.793,5.87497367297567,427.636358190286,347.145908885391,3.07348440786154,1859.8,4.059237552424992
Kelantan,2024,4540.61133613717,4540611336.13717,40.6465215496206,10514.411,10514411.0,39.2753435054846,12463.79,34.0222303872785,431.846475864142,364.304223365218,2.98185888956928,1887.9,5.569368610625562
Kelantan,2025,5239.00827617872,5239008276.1787195,15.3811213587749,12062.016,12062016.0,14.7188939066582,13710.6658612469,10.0039864378885,434.339357216797,382.111877657725,2.97778806075638,1906.9,6.325458073312706
Melaka,2019,6369.89280746409,6369892807.464089,14.493599565688,13978.9741697121,13978974.1697121,6.52591509698714,24042.6304047684,11.0293931771538,455.67669917193,264.941593337505,2.28966405974747,928.4,15.057059639931174
Melaka,2020,2372.6250612483,2372625061.2483,-62.7525119658511,7274.547,7274547.0,-47.960795179366,9964.031,-58.5568183170847,326.154338029337,238.118996342775,1.80179499171813,998.4,7.286204927884615
Melaka,2021,1004.11271080667,1004112710.80667,-57.6792504131108,3878.14,3878140.0,-46.6889141000807,4364.264,-56.1998151149871,258.916055327211,230.076070285086,1.8643007203704,1004.5,3.860766550522648
Melaka,2022,4842.59364655733,4842593646.55733,382.275903336285,11757.166,11757166.0,203.165073978763,16667.987,281.91976928985,411.884432571364,290.532602800646,2.13841463522688,1008.6,11.656916517945666
Melaka,2023,6438.41105660879,6438411056.60879,32.9537749091533,15558.661,15558661.0,32.3334296717423,20093.758,20.552997791515,413.81524133785,320.418463117192,2.23400775634919,1028.3,15.130468734805019
Melaka,2024,7933.20647467174,7933206474.67174,23.216837274293,19128.405,19128405.0,22.9437738890255,24174.131,20.3066693646853,414.734342705089,328.169251447828,2.13441079422518,1046.7,18.274964173115503
Melaka,2025,8732.39649344146,8732396493.44146,10.0739848549421,20832.201530282,20832201.530282,8.90715420486967,26436.4441561187,9.35840529745908,419.177804167644,330.316605435771,2.11048007597558,1052.0,19.802472937530418
Negeri Sembilan,2019,5071.03036849894,5071030368.49894,4.98921414600528,13303.0418435376,13303041.843537599,3.91281272360908,19414.2056502318,10.6810636567001,381.193296100347,261.20205275761,2.45685046526145,1126.2,11.812326268458177
Negeri Sembilan,2020,2232.9800948256,2232980094.8256,-55.9659490762116,7917.736,7917736.0,-40.4817627943769,9567.142,-50.7209196587151,282.022549732096,233.400956610198,1.89511215363317,1200.0,6.598113333333333
Negeri Sembilan,2021,1213.38512045771,1213385120.45771,-45.6607283123821,5485.17,5485170.0,-30.7229996049376,6554.829,-31.4860279067667,221.211944289368,185.113161679384,1.72219303562174,1204.2,4.555032386646737
Negeri Sembilan,2022,3651.3406055165,3651340605.5165,200.921821436145,11490.144,11490144.0,109.476533999858,14278.615,117.833523956155,317.780230214391,255.72092289879,2.4775740593211,1207.9,9.512496067555261
Negeri Sembilan,2023,4777.28125500884,4777281255.008841,30.8363631645662,14959.47,14959470.0,30.1939296844322,17800.523,24.6656135766669,319.348296096643,268.378701850998,2.41840105295885,1224.9,12.212809208915012
Negeri Sembilan,2024,5869.462129308,5869462129.308,22.8619755881871,17784.532,17784532.0,18.8847733241886,21816.55,22.5612865419741,330.031857420145,269.037135995746,2.25257557638478,1239.5,14.348150060508269
Negeri Sembilan,2025,6529.26193925348,6529261939.25348,11.2412312305569,19356.545,19356545.0,8.83921488628432,24064.3142989688,10.3030236172484,337.315463025735,271.325492932631,2.29491785206345,1243.9,15.561174531714766
Pahang,2019,7600.74634258733,7600746342.58733,2.64575118492816,18497.5783549097,18497578.3549097,2.13248398575252,22744.9498261507,3.87675931901372,410.904941001096,334.172921931376,2.48526051771162,1671.4,11.067116402363109
Pahang,2020,2748.04988629641,2748049886.29641,-63.8449993930338,9905.002,9905002.0,-46.4524392871623,10380.441,-54.3615568319908,277.440619022228,264.733443048942,1.92726887226897,1591.3,6.224471815496764
Pahang,2021,914.378229522129,914378229.522129,-66.7262870997422,3404.772,3404772.0,-65.6257313224167,3504.979,-66.2347775012642,268.557844555268,260.879802567185,1.92173287260011,1601.5,2.1259893849516076
Pahang,2022,5316.78906097375,5316789060.97375,481.464965953138,13188.959,13188959.0,287.366878017089,14993.999,327.791407594739,403.124239067977,354.594465490744,2.10555957854831,1614.3,8.170079291333705
Pahang,2023,6733.34364809185,6733343648.09185,26.6430465996081,16455.567,16455567.0,24.7677470223389,17632.756,17.5987540081869,409.183326718055,381.865639613674,2.12715370546925,1643.2,10.014342137293086
Pahang,2024,8709.75913589491,8709759135.89491,29.3526602992134,20173.876,20173876.0,22.5960551830271,22665.013,28.539253875004,431.734543024598,384.28211516556,2.16717969419742,1667.7,12.096825568147748
Pahang,2025,9846.76892463924,9846768924.63924,13.054434353511,23161.166,23161166.0,14.8077146900278,25285.2635929909,11.5607725130839,425.141330304322,389.4271811099,2.20889169822045,1676.8,13.812718272900764
Perak,2019,7824.05505390701,7824055053.90701,20.9561938304968,21070.7209104421,21070720.910442103,20.0394656170629,28471.2873970551,20.3806301694821,371.323557801462,274.805102586134,2.20883049475721,2508.8,8.398724852695352
Perak,2020,3317.0693364196,3317069336.4196,-57.6042178440041,13173.306,13173306.0,-37.4805159444181,14045.532,-50.6677313037387,251.802344561008,236.16544652204,1.8485066338042,2496.0,5.277766826923077
Perak,2021,1159.53265234848,1159532652.34848,-65.0434605144533,4489.273,4489273.0,-65.9214399179674,4674.011,-66.7224352911659,258.289627819131,248.080856538094,2.29350409312326,2515.8,1.7844315923364336
Perak,2022,4541.33101270089,4541331012.70089,291.651843827168,14566.727,14566727.0,224.478529151602,17679.702,278.255464097111,311.760563145097,256.866943385182,2.42853989637977,2514.4,5.793321269487751
Perak,2023,5641.02361320425,5641023613.20425,24.2152046928051,17107.518,17107518.0,17.4424288997796,18831.264,6.51346951436171,329.739452163911,299.556291771187,2.3457677558445,2541.2,6.732062804974029
Perak,2024,7223.79803827434,7223798038.27434,28.0582839852896,21776.217,21776217.0,27.2903351614185,23903.727,26.9363915242227,331.728786422102,302.203837848145,2.3549722911944,2569.4,8.475214836148517
Perak,2025,8018.53798306468,8018537983.06468,11.0016910852091,23642.055,23642055.0,8.56823754098335,25696.5123230103,7.50002425567486,339.164170926118,312.04771613634,2.43937248808826,2573.8,9.18566127904266
Perlis,2019,578.805530778065,578805530.778065,-6.15231493171819,2087.37244564133,2087372.4456413302,-3.16099317725975,2695.00103783132,-4.31037275023565,277.289053990664,214.770058583663,2.55342085481156,254.0,8.218001754493425
Perlis,2020,224.066307262435,224066307.262435,-61.2881537325271,1193.108,1193108.0,-42.8416331502629,1246.963,-53.7305187457947,187.800523726633,179.689619709996,2.4461569279846,284.9,4.187813267813268
Perlis,2021,78.0132972300273,78013297.2300273,-65.182941521567,406.796,406796.0,-65.9045115781639,426.818,-65.7713981890401,191.774986061877,182.778836014478,2.20914101234874,287.6,1.4144506258692626
Perlis,2022,455.618787502378,455618787.502378,484.027087278411,1669.175,1669175.0,310.322372884689,1799.569,321.62443945663,272.960466998594,253.182171676873,2.34666728507533,289.8,5.759748102139406
Perlis,2023,583.870113407444,583870113.407444,28.1488229684551,1950.771,1950771.0,16.87037009301,2139.229,18.8745193988116,299.302231480499,272.934834656525,2.20641466269676,293.1,6.655649948822926
Perlis,2024,1002.81372997629,1002813729.97629,71.75287909907,3225.428,3225428.0,65.3411907394564,3660.074,71.0931368263987,310.908732105101,273.987282764308,2.48663839005127,296.8,10.867345013477088
Perlis,2025,1211.20382670128,1211203826.7012799,20.7805388474205,3755.682,3755682.0,16.4398027176548,4335.24011103116,18.446788535728,322.499036580115,279.38563855306,2.24678266562286,297.0,12.645393939393939
Pulau Pinang,2019,6653.65601165969,6653656011.65969,7.93374298981246,15410.6252310139,15410625.231013902,6.6443003758152,21073.6211358388,8.79717706015066,431.757693923359,315.733872634929,2.50454943741912,1768.8,8.71247468962794
Pulau Pinang,2020,2427.15888222993,2427158882.22993,-63.5214252438563,8929.515,8929515.0,-42.0561147510788,9231.124,-56.1958339267042,271.813069604556,262.932106884268,2.03409916330196,1740.4,5.1307256952424725
Pulau Pinang,2021,1158.8101313766,1158810131.3766,-52.2565193461108,5060.864,5060864.0,-43.3243126866353,5160.445,-44.0973276927057,228.974762288929,224.556241056071,2.14043579846788,1740.0,2.908542528735632
Pulau Pinang,2022,3648.39930839687,3648399308.3968697,214.840128646682,10002.735,10002735.0,97.6487611601498,11705.595,126.833054126146,364.740174401988,311.679953765432,2.59063956089525,1740.9,5.745726348440462
Pulau Pinang,2023,5814.73535455749,5814735354.557489,59.3777123346875,13127.587,13127587.0,31.2399758666005,15350.976,31.1422101994815,442.940149972534,378.78603644208,2.40032874269824,1772.6,7.405837188310956
Pulau Pinang,2024,7424.29144738457,7424291447.38457,27.6806422766178,16604.803,16604803.0,26.4878534036758,19159.576,24.8101488791332,447.117105055963,387.497690313427,2.57711545505833,1800.5,9.222328797556234
Pulau Pinang,2025,8490.35816379311,8490358163.793109,14.3591711608263,17717.979,17717979.0,6.70393981789486,21626.7382034512,12.8769144131958,479.19450428252,392.586162736192,2.65290501816531,1804.3,9.819863104805188
Sabah,2019,8080.66670997202,8080666709.97202,7.63353520038148,22035.0674727792,22035067.4727792,8.22787900636166,31437.7299652782,11.0915085180936,366.718491783807,257.037219891411,2.78866164597109,3904.4,5.6436501057215445
Sabah,2020,2676.77169855219,2676771698.5521903,-66.8743707094255,10336.897,10336897.0,-53.0888797469325,10861.33,-65.4512904971322,258.953117028465,246.449716429957,1.96210740287431,3418.8,3.023545396045396
Sabah,2021,1052.02211208469,1052022112.08469,-60.6981009006593,3815.016,3815016.0,-63.0932184000673,4006.255,-63.1145080758986,275.758243762199,262.594895253719,2.31287857012766,3412.6,1.117920647014007
Sabah,2022,4825.8695952754,4825869595.275399,358.723209316622,12589.005,12589005.0,229.98564095144,17254.974,330.700841559012,383.340033249284,279.679911153468,3.0576352783597,3414.9,3.6864930159009046
Sabah,2023,6712.51460553787,6712514605.53787,39.0944051225405,16080.074,16080074.0,27.7310955075481,19900.312,15.3308721299725,417.443017086729,337.307003304163,2.67140939347793,3596.7,4.470785442210916
Sabah,2024,8634.24673303019,8634246733.03019,28.6290941684787,20591.813,20591813.0,28.0579492358057,24105.849,21.1330204270164,419.30483406343,358.180569911899,3.01161889379518,3742.0,5.502889631213255
Sabah,2025,9753.3273839687,9753327383.9687,12.9609528837934,22361.168,22361168.0,8.5925168415234,26440.7605734467,9.6860789821039,436.172537318655,368.874690910501,3.14553107015999,3754.5,5.955831135970169
Sarawak,2019,8670.74332850991,8670743328.50991,6.45730405363751,19793.3756868456,19793375.6868456,2.13178834070735,24880.0073570829,5.34825353191457,438.062888599258,348.502442305006,3.42690401258299,2806.0,7.053947144278546
Sarawak,2020,3384.67058146855,3384670581.46855,-60.9644703662308,9393.255,9393255.0,-52.5434410551676,11077.444,-55.4765244197307,360.329894319759,305.546169447442,2.55178605762645,2453.7,3.828200268981538
Sarawak,2021,1935.25867544385,1935258675.44385,-42.8228352253951,6510.9,6510900.0,-30.6853694486097,7137.26,-35.5694328041739,297.233665920817,271.148686673015,3.0323043039809,2465.6,2.6406959766385465
Sarawak,2022,5430.77227763946,5430772277.639461,180.622551731691,15464.621,15464621.0,137.518945153512,19290.587,170.280009415378,351.173965248774,281.524469817298,3.51641852644725,2473.5,6.252120881342227
Sarawak,2023,6942.67318117489,6942673181.17489,27.8395194318955,17901.19,17901190.0,15.7557627826767,21076.631,9.25862961038979,387.833053622407,329.401467491407,3.4815000820848,2502.3,7.153894417136233
Sarawak,2024,7956.67071248269,7956670712.48269,14.6052897039322,19625.552,19625552.0,9.63266687857065,23362.065,10.8434502648929,405.424046797904,340.580796795262,3.09151608473914,2517.5,7.795651241310824
Sarawak,2025,9138.37553459759,9138375534.59759,14.8517497432815,22721.527,22721527.0,15.775225073924,26387.9678248999,12.9522061722707,402.19020203165,346.308423416166,3.10314238263994,2528.9,8.984747123255168
Selangor,2019,15544.408509962,15544408509.962,17.8558753116377,33588.5269586995,33588526.958699495,11.2975062849403,45766.3686716109,10.5783237549931,462.789229461461,339.646971371017,2.23511176713951,6506.1,5.162620764928221
Selangor,2020,7051.46346613165,7051463466.13165,-54.6366562509435,19714.734,19714734.0,-41.3051545123093,21897.63,-52.1534466561617,357.674796227616,322.019481840348,1.64066150657808,6994.4,2.8186454878188267
Selangor,2021,3158.5633823777,3158563382.3777,-55.2069808267694,10211.58,10211580.0,-48.2033082465125,11319.209,-48.3085201457875,309.311916704143,279.044532385408,1.83160904055607,7014.7,1.455740088670934
Selangor,2022,8734.80808554066,8734808085.54066,176.543701300218,21989.558,21989558.0,115.339428374453,25987.93,129.59139635994,397.225268718028,336.110189828149,2.32250757479501,7050.3,3.118953519708381
Selangor,2023,11102.7131520834,11102713152.083399,27.1088390649647,27579.478,27579478.0,25.4207929054326,28949.304,11.3951899978182,402.571548021446,383.522628111661,2.24207367577779,7209.7,3.8253294866638003
Selangor,2024,14226.1256382058,14226125638.2058,28.1319749806947,34460.8280456694,34460828.0456694,24.9509800209757,37022.639,27.887837994309,412.820191649269,384.254770120676,2.24075512447905,7362.7,4.680460706761025
Selangor,2025,15761.7254823629,15761725482.3629,10.7942238330377,36376.442,36376442.0,5.55881580033981,40803.4992333148,10.2122926280722,433.294863812215,386.283671217442,2.31387210011661,7408.7,4.909962881477183
Terengganu,2019,5990.01250659243,5990012506.59243,7.24527463386333,14158.2836313106,14158283.6313106,3.02653310223866,24902.0224648954,9.93586958335055,423.074764044543,240.54321350953,2.5783696197242,1244.5,11.376684316039052
Terengganu,2020,2254.5058315233,2254505831.5233,-62.3622516807426,7419.729,7419729.0,-47.5944316895058,10084.391,-59.50372699962,303.852853860741,223.563905001631,2.0600272733523,1149.4,6.455306246737428
Terengganu,2021,984.111528570248,984111528.570248,-56.3491247256915,3719.052,3719052.0,-49.8761747228234,4128.968,-59.0558517614004,264.613543604727,238.343220041969,2.19970922273613,1170.7,3.176776287691125
Terengganu,2022,3363.29891312298,3363298913.12298,241.75993426368,10233.282,10233282.0,175.158346804508,12791.324,209.794699305008,328.662780242251,262.93594886057,2.68542326435746,1186.6,8.624036743637284
Terengganu,2023,4192.31725641659,4192317256.4165897,24.6489641482335,11760.516,11760516.0,14.9241856131787,13868.81,8.42356897534609,356.473921417784,302.283848175625,2.59412179953652,1210.0,9.719434710743801
Terengganu,2024,5170.36305105575,5170363051.05575,23.3294794935236,14460.728,14460728.0,22.9599789669093,16499.305,18.9669841897034,357.545142336939,313.368535890194,2.49733881394776,1231.5,11.742369468128299
Terengganu,2025,5795.14407298498,5795144072.98498,12.0838907395808,15462.278,15462278.0,6.92599985284283,18201.3174474076,10.3156614621501,374.792386541296,318.391462031798,2.75842209863769,1245.8,12.411525124418045
W.P. Kuala Lumpur,2019,12141.0,12141000000.0,18.63,22633.0,22633000.0,18.09,28991.0,17.46,536.0,419.0,2.39,1782.5,12.697335203366059
W.P. Kuala Lumpur,2020,5273.0,5273000000.0,-56.57,12435.0,12435000.0,-45.06,13223.0,-54.39,424.0,399.0,1.83,1982.1,6.273649159981837
W.P. Kuala Lumpur,2021,3084.0,3084000000.0,-41.52,9116.0,9116000.0,-26.69,10824.0,-18.15,338.0,285.0,2.18,1964.0,4.641547861507128
W.P. Kuala Lumpur,2022,7733.0,7733000000.0,150.78,16913.0,16913000.0,85.53,19878.0,83.65,457.0,389.0,3.09,1961.2,8.623801754028145
W.P. Kuala Lumpur,2023,10995.0,10995000000.0,42.19,22233.0,22233000.0,31.46,24012.0,20.8,495.0,458.0,2.7,2005.7,11.084908012165329
W.P. Kuala Lumpur,2024,14078.0,14078000000.0,28.03,26983.0,26983000.0,21.37,30640.0,27.6,522.0,459.0,2.23,2067.5,13.051027811366385
W.P. Kuala Lumpur,2025,16906.0,16906000000.0,20.09,35060.0,35060000.0,29.93,36169.0,18.05,482.0,467.0,2.33,2075.2,16.894757131842717
W.P. Labuan,2019,392.0,392000000.0,0.23,524.0,524000.0,-3.87,774.0,6.78,748.0,506.0,3.05,99.3,5.276938569989929
W.P. Labuan,2020,60.0,60000000.0,-84.58,108.0,108000.0,-79.47,109.0,-85.88,562.0,553.0,1.57,95.1,1.135646687697161
W.P. Labuan,2021,29.0,29000000.0,-51.43,54.0,54000.0,-49.88,54.0,-50.71,545.0,545.0,2.52,96.0,0.5625
W.P. Labuan,2022,136.0,136000000.0,364.27,244.0,244000.0,352.13,263.0,388.22,559.0,518.0,3.67,96.9,2.5180598555211557
W.P. Labuan,2023,194.0,194000000.0,42.39,331.0,331000.0,35.97,373.0,41.68,586.0,521.0,2.89,99.0,3.3434343434343434
W.P. Labuan,2024,265.0,265000000.0,36.33,450.0,450000.0,35.69,482.0,29.24,588.0,549.0,2.84,100.8,4.464285714285714
W.P. Labuan,2025,379.0,379000000.0,43.36,604.0,604000.0,34.41,681.0,41.35,628.0,557.0,2.51,100.9,5.986124876114965
W.P. Putrajaya,2019,849.0,849000000.0,-15.81,1949.0,1949000.0,3.01,2637.0,1.75,435.0,322.0,3.04,103.7,18.79459980713597
W.P. Putrajaya,2020,142.0,142000000.0,-83.28,451.0,451000.0,-76.85,456.0,-82.71,315.0,311.0,1.98,109.2,4.13003663003663
W.P. Putrajaya,2021,68.0,68000000.0,-52.18,223.0,223000.0,-50.57,234.0,-48.63,304.0,290.0,2.23,115.2,1.9357638888888888
W.P. Putrajaya,2022,456.0,456000000.0,572.01,1306.0,1306000.0,485.55,1551.0,562.28,349.0,294.0,2.68,117.0,11.162393162393162
W.P. Putrajaya,2023,670.0,670000000.0,46.87,1900.0,1900000.0,45.53,1965.0,26.66,352.0,341.0,2.08,118.8,15.993265993265993
W.P. Putrajaya,2024,937.0,937000000.0,39.9,2557.0,2557000.0,34.54,2711.0,38.0,366.0,346.0,2.14,120.3,21.255195344970907
W.P. Putrajaya,2025,1236.0,1236000000.0,31.9,3146.0,3146000.0,23.06,3479.0,28.34,393.0,355.0,2.5,120.7,26.064623032311516
