series_id,state,area,geo_level,latest_observed_month,latest_trend_index,three_month_mean,eligible_for_training,exclusion_reason,forecast_month,forecast_trend_index,forecast_method,forecast_change_points,momentum_direction,model_version,generated_at
Johor | district_or_area | Batu Pahat,Johor,Batu Pahat,district_or_area,2025-12-01,10.0,10.0,True,,2026-01-01,10.0,three_month_mean,0.0,stable,demand-hybrid-v1.0.0,2026-09-17T20:09:39.595575+00:00
Johor | district_or_area | Kluang,Johor,Kluang,district_or_area,2025-12-01,6.0,6.0,True,,2026-01-01,6.0,three_month_mean,0.0,stable,demand-hybrid-v1.0.0,2026-09-17T20:09:39.595575+00:00
Johor | district_or_area | Kota Tinggi,Johor,Kota Tinggi,district_or_area,2025-12-01,54.0,51.666666666666664,True,,2026-01-01,51.666666666666664,three_month_mean,-2.3333333333333357,falling,demand-hybrid-v1.0.0,2026-09-17T20:09:39.595575+00:00
Johor | district_or_area | Kulai,Johor,Kulai,district_or_area,2025-12-01,7.0,6.333333333333333,True,,2026-01-01,6.333333333333333,three_month_mean,-0.666666666666667,stable,demand-hybrid-v1.0.0,2026-09-17T20:09:39.595575+00:00
Johor | district_or_area | Mersing,Johor,Mersing,district_or_area,2025-12-01,25.0,29.333333333333332,True,,2026-01-01,29.333333333333332,three_month_mean,4.333333333333332,rising,demand-hybrid-v1.0.0,2026-09-17T20:09:39.595575+00:00
Johor | district_or_area | Muar,Johor,Muar,district_or_area,2025-12-01,13.0,11.666666666666666,True,,2026-01-01,11.666666666666666,three_month_mean,-1.333333333333334,stable,demand-hybrid-v1.0.0,2026-09-17T20:09:39.595575+00:00
Johor | district_or_area | Pontian,Johor,Pontian,district_or_area,2025-12-01,7.0,7.0,True,,2026-01-01,7.0,three_month_mean,0.0,stable,demand-hybrid-v1.0.0,2026-09-17T20:09:39.595575+00:00
Johor | district_or_area | Segamat,Johor,Segamat,district_or_area,2025-12-01,4.0,3.6666666666666665,True,,2026-01-01,3.6666666666666665,three_month_mean,-0.3333333333333335,stable,demand-hybrid-v1.0.0,2026-09-17T20:09:39.595575+00:00
Johor | district_or_area | Tangkak,Johor,Tangkak,district_or_area,2025-12-01,2.0,2.3333333333333335,True,,2026-01-01,2.3333333333333335,three_month_mean,0.3333333333333335,stable,demand-hybrid-v1.0.0,2026-09-17T20:09:39.595575+00:00
Kedah | district_or_area | Baling,Kedah,Baling,district_or_area,2025-12-01,1.0,1.0,True,,2026-01-01,1.0,three_month_mean,0.0,stable,demand-hybrid-v1.0.0,2026-09-17T20:09:39.595575+00:00
Kedah | district_or_area | Bandar Baharu,Kedah,Bandar Baharu,district_or_area,2025-12-01,0.0,0.0,False,constant_series,2026-01-01,0.0,three_month_mean_insufficient_signal,0.0,stable,demand-hybrid-v1.0.0,2026-09-17T20:09:39.595575+00:00
Kedah | district_or_area | Kota Setar,Kedah,Kota Setar,district_or_area,2025-12-01,0.0,0.0,True,,2026-01-01,0.0,three_month_mean,0.0,stable,demand-hybrid-v1.0.0,2026-09-17T20:09:39.595575+00:00
Kedah | district_or_area | Kuala Muda,Kedah,Kuala Muda,district_or_area,2025-12-01,0.0,0.0,False,constant_series,2026-01-01,0.0,three_month_mean_insufficient_signal,0.0,stable,demand-hybrid-v1.0.0,2026-09-17T20:09:39.595575+00:00
Kedah | district_or_area | Kubang Pasu,Kedah,Kubang Pasu,district_or_area,2025-12-01,0.0,0.0,False,constant_series,2026-01-01,0.0,three_month_mean_insufficient_signal,0.0,stable,demand-hybrid-v1.0.0,2026-09-17T20:09:39.595575+00:00
Kedah | district_or_area | Kulim,Kedah,Kulim,district_or_area,2025-12-01,1.0,0.3333333333333333,True,,2026-01-01,0.3333333333333333,three_month_mean,-0.6666666666666667,stable,demand-hybrid-v1.0.0,2026-09-17T20:09:39.595575+00:00
Kedah | district_or_area | Langkawi,Kedah,Langkawi,district_or_area,2025-12-01,46.0,43.333333333333336,True,,2026-01-01,43.333333333333336,three_month_mean,-2.6666666666666643,falling,demand-hybrid-v1.0.0,2026-09-17T20:09:39.595575+00:00
Kedah | district_or_area | Padang Terap,Kedah,Padang Terap,district_or_area,2025-12-01,0.0,0.0,False,constant_series,2026-01-01,0.0,three_month_mean_insufficient_signal,0.0,stable,demand-hybrid-v1.0.0,2026-09-17T20:09:39.595575+00:00
Kedah | district_or_area | Pendang,Kedah,Pendang,district_or_area,2025-12-01,3.0,2.6666666666666665,True,,2026-01-01,2.6666666666666665,three_month_mean,-0.3333333333333335,stable,demand-hybrid-v1.0.0,2026-09-17T20:09:39.595575+00:00
Kedah | district_or_area | Pokok Sena,Kedah,Pokok Sena,district_or_area,2025-12-01,0.0,0.0,False,constant_series,2026-01-01,0.0,three_month_mean_insufficient_signal,0.0,stable,demand-hybrid-v1.0.0,2026-09-17T20:09:39.595575+00:00
Kedah | district_or_area | Sik,Kedah,Sik,district_or_area,2025-12-01,2.0,2.3333333333333335,True,,2026-01-01,2.3333333333333335,three_month_mean,0.3333333333333335,stable,demand-hybrid-v1.0.0,2026-09-17T20:09:39.595575+00:00
Kedah | district_or_area | Yan,Kedah,Yan,district_or_area,2025-12-01,8.0,8.0,True,,2026-01-01,8.0,three_month_mean,0.0,stable,demand-hybrid-v1.0.0,2026-09-17T20:09:39.595575+00:00
Kelantan | district_or_area | Bachok,Kelantan,Bachok,district_or_area,2025-12-01,0.0,0.6666666666666666,True,,2026-01-01,0.6666666666666666,three_month_mean,0.6666666666666666,stable,demand-hybrid-v1.0.0,2026-09-17T20:09:39.595575+00:00
Kelantan | district_or_area | Gua Musang,Kelantan,Gua Musang,district_or_area,2025-12-01,3.0,1.6666666666666667,True,,2026-01-01,1.6666666666666667,three_month_mean,-1.3333333333333333,stable,demand-hybrid-v1.0.0,2026-09-17T20:09:39.595575+00:00
Kelantan | district_or_area | Jeli,Kelantan,Jeli,district_or_area,2025-12-01,3.0,1.6666666666666667,True,,2026-01-01,1.6666666666666667,three_month_mean,-1.3333333333333333,stable,demand-hybrid-v1.0.0,2026-09-17T20:09:39.595575+00:00
Kelantan | district_or_area | Kecil Lojing,Kelantan,Kecil Lojing,district_or_area,2025-12-01,0.0,0.0,False,constant_series,2026-01-01,0.0,three_month_mean_insufficient_signal,0.0,stable,demand-hybrid-v1.0.0,2026-09-17T20:09:39.595575+00:00
Kelantan | district_or_area | Kota Bharu,Kelantan,Kota Bharu,district_or_area,2025-12-01,24.0,26.666666666666668,True,,2026-01-01,26.666666666666668,three_month_mean,2.666666666666668,rising,demand-hybrid-v1.0.0,2026-09-17T20:09:39.595575+00:00
Kelantan | district_or_area | Kuala Krai,Kelantan,Kuala Krai,district_or_area,2025-12-01,0.0,0.0,True,,2026-01-01,0.0,three_month_mean,0.0,stable,demand-hybrid-v1.0.0,2026-09-17T20:09:39.595575+00:00
Kelantan | district_or_area | Machang,Kelantan,Machang,district_or_area,2025-12-01,2.0,1.6666666666666667,True,,2026-01-01,1.6666666666666667,three_month_mean,-0.33333333333333326,stable,demand-hybrid-v1.0.0,2026-09-17T20:09:39.595575+00:00
Kelantan | district_or_area | Pasir Mas,Kelantan,Pasir Mas,district_or_area,2025-12-01,0.0,0.0,True,,2026-01-01,0.0,three_month_mean,0.0,stable,demand-hybrid-v1.0.0,2026-09-17T20:09:39.595575+00:00
Kelantan | district_or_area | Pasir Puteh,Kelantan,Pasir Puteh,district_or_area,2025-12-01,3.0,1.0,True,,2026-01-01,1.0,three_month_mean,-2.0,falling,demand-hybrid-v1.0.0,2026-09-17T20:09:39.595575+00:00
Kelantan | district_or_area | Tanah Merah,Kelantan,Tanah Merah,district_or_area,2025-12-01,7.0,6.333333333333333,True,,2026-01-01,6.333333333333333,three_month_mean,-0.666666666666667,stable,demand-hybrid-v1.0.0,2026-09-17T20:09:39.595575+00:00
Kelantan | district_or_area | Tumpat,Kelantan,Tumpat,district_or_area,2025-12-01,0.0,0.0,True,,2026-01-01,0.0,three_month_mean,0.0,stable,demand-hybrid-v1.0.0,2026-09-17T20:09:39.595575+00:00
Melaka | district_or_area | Alor Gajah,Melaka,Alor Gajah,district_or_area,2025-12-01,1.0,1.0,True,,2026-01-01,1.0,three_month_mean,0.0,stable,demand-hybrid-v1.0.0,2026-09-17T20:09:39.595575+00:00
Melaka | district_or_area | Jasin,Melaka,Jasin,district_or_area,2025-12-01,2.0,1.6666666666666667,True,,2026-01-01,1.6666666666666667,three_month_mean,-0.33333333333333326,stable,demand-hybrid-v1.0.0,2026-09-17T20:09:39.595575+00:00
Melaka | district_or_area | Melaka Tengah,Melaka,Melaka Tengah,district_or_area,2025-12-01,0.0,0.0,False,constant_series,2026-01-01,0.0,three_month_mean_insufficient_signal,0.0,stable,demand-hybrid-v1.0.0,2026-09-17T20:09:39.595575+00:00
Negeri Sembilan | district_or_area | Jelebu,Negeri Sembilan,Jelebu,district_or_area,2025-12-01,0.0,0.0,True,,2026-01-01,0.0,three_month_mean,0.0,stable,demand-hybrid-v1.0.0,2026-09-17T20:09:39.595575+00:00
Negeri Sembilan | district_or_area | Kuala Pilah,Negeri Sembilan,Kuala Pilah,district_or_area,2025-12-01,0.0,0.0,True,,2026-01-01,0.0,three_month_mean,0.0,stable,demand-hybrid-v1.0.0,2026-09-17T20:09:39.595575+00:00
Negeri Sembilan | district_or_area | Port Dickson,Negeri Sembilan,Port Dickson,district_or_area,2025-12-01,40.0,38.666666666666664,True,,2026-01-01,38.666666666666664,three_month_mean,-1.3333333333333357,stable,demand-hybrid-v1.0.0,2026-09-17T20:09:39.595575+00:00
Negeri Sembilan | district_or_area | Rembau,Negeri Sembilan,Rembau,district_or_area,2025-12-01,1.0,1.0,True,,2026-01-01,1.0,three_month_mean,0.0,stable,demand-hybrid-v1.0.0,2026-09-17T20:09:39.595575+00:00
Negeri Sembilan | district_or_area | Seremban,Negeri Sembilan,Seremban,district_or_area,2025-12-01,10.0,9.666666666666666,True,,2026-01-01,9.666666666666666,three_month_mean,-0.3333333333333339,stable,demand-hybrid-v1.0.0,2026-09-17T20:09:39.595575+00:00
Negeri Sembilan | district_or_area | Tampin,Negeri Sembilan,Tampin,district_or_area,2025-12-01,1.0,1.0,True,,2026-01-01,1.0,three_month_mean,0.0,stable,demand-hybrid-v1.0.0,2026-09-17T20:09:39.595575+00:00
Pahang | district_or_area | Bentong,Pahang,Bentong,district_or_area,2025-12-01,5.0,5.333333333333333,True,,2026-01-01,5.333333333333333,three_month_mean,0.33333333333333304,stable,demand-hybrid-v1.0.0,2026-09-17T20:09:39.595575+00:00
Pahang | district_or_area | Bera,Pahang,Bera,district_or_area,2025-12-01,2.0,2.0,True,,2026-01-01,2.0,three_month_mean,0.0,stable,demand-hybrid-v1.0.0,2026-09-17T20:09:39.595575+00:00
Pahang | district_or_area | Cameron Highlands,Pahang,Cameron Highlands,district_or_area,2025-12-01,32.0,33.0,True,,2026-01-01,33.0,three_month_mean,1.0,stable,demand-hybrid-v1.0.0,2026-09-17T20:09:39.595575+00:00
Pahang | district_or_area | Jerantut,Pahang,Jerantut,district_or_area,2025-12-01,1.0,1.3333333333333333,True,,2026-01-01,1.3333333333333333,three_month_mean,0.33333333333333326,stable,demand-hybrid-v1.0.0,2026-09-17T20:09:39.595575+00:00
Pahang | district_or_area | Kuantan,Pahang,Kuantan,district_or_area,2025-12-01,36.0,38.333333333333336,True,,2026-01-01,38.333333333333336,three_month_mean,2.3333333333333357,rising,demand-hybrid-v1.0.0,2026-09-17T20:09:39.595575+00:00
Pahang | district_or_area | Lipis,Pahang,Lipis,district_or_area,2025-12-01,1.0,1.0,True,,2026-01-01,1.0,three_month_mean,0.0,stable,demand-hybrid-v1.0.0,2026-09-17T20:09:39.595575+00:00
Pahang | district_or_area | Maran,Pahang,Maran,district_or_area,2025-12-01,0.0,0.0,True,,2026-01-01,0.0,three_month_mean,0.0,stable,demand-hybrid-v1.0.0,2026-09-17T20:09:39.595575+00:00
Pahang | district_or_area | Pekan,Pahang,Pekan,district_or_area,2025-12-01,10.0,10.0,True,,2026-01-01,10.0,three_month_mean,0.0,stable,demand-hybrid-v1.0.0,2026-09-17T20:09:39.595575+00:00
Pahang | district_or_area | Raub,Pahang,Raub,district_or_area,2025-12-01,3.0,3.3333333333333335,True,,2026-01-01,3.3333333333333335,three_month_mean,0.3333333333333335,stable,demand-hybrid-v1.0.0,2026-09-17T20:09:39.595575+00:00
Pahang | district_or_area | Rompin,Pahang,Rompin,district_or_area,2025-12-01,7.0,7.0,True,,2026-01-01,7.0,three_month_mean,0.0,stable,demand-hybrid-v1.0.0,2026-09-17T20:09:39.595575+00:00
Pahang | district_or_area | Temerloh,Pahang,Temerloh,district_or_area,2025-12-01,2.0,2.6666666666666665,True,,2026-01-01,2.6666666666666665,three_month_mean,0.6666666666666665,stable,demand-hybrid-v1.0.0,2026-09-17T20:09:39.595575+00:00
Perak | district_or_area | Bagan Datuk,Perak,Bagan Datuk,district_or_area,2025-12-01,0.0,0.0,True,,2026-01-01,0.0,three_month_mean,0.0,stable,demand-hybrid-v1.0.0,2026-09-17T20:09:39.595575+00:00
Perak | district_or_area | Batang Padang,Perak,Batang Padang,district_or_area,2025-12-01,0.0,0.0,False,constant_series,2026-01-01,0.0,three_month_mean_insufficient_signal,0.0,stable,demand-hybrid-v1.0.0,2026-09-17T20:09:39.595575+00:00
Perak | district_or_area | Hilir Perak,Perak,Hilir Perak,district_or_area,2025-12-01,0.0,0.0,False,constant_series,2026-01-01,0.0,three_month_mean_insufficient_signal,0.0,stable,demand-hybrid-v1.0.0,2026-09-17T20:09:39.595575+00:00
Perak | district_or_area | Hulu Perak,Perak,Hulu Perak,district_or_area,2025-12-01,0.0,0.0,False,constant_series,2026-01-01,0.0,three_month_mean_insufficient_signal,0.0,stable,demand-hybrid-v1.0.0,2026-09-17T20:09:39.595575+00:00
Perak | district_or_area | Kampar,Perak,Kampar,district_or_area,2025-12-01,6.0,5.666666666666667,True,,2026-01-01,5.666666666666667,three_month_mean,-0.33333333333333304,stable,demand-hybrid-v1.0.0,2026-09-17T20:09:39.595575+00:00
Perak | district_or_area | Kerian,Perak,Kerian,district_or_area,2025-12-01,0.0,0.0,True,,2026-01-01,0.0,three_month_mean,0.0,stable,demand-hybrid-v1.0.0,2026-09-17T20:09:39.595575+00:00
Perak | district_or_area | Kinta,Perak,Kinta,district_or_area,2025-12-01,3.0,1.0,True,,2026-01-01,1.0,three_month_mean,-2.0,falling,demand-hybrid-v1.0.0,2026-09-17T20:09:39.595575+00:00
Perak | district_or_area | Kuala Kangsar,Perak,Kuala Kangsar,district_or_area,2025-12-01,7.0,7.0,True,,2026-01-01,7.0,three_month_mean,0.0,stable,demand-hybrid-v1.0.0,2026-09-17T20:09:39.595575+00:00
Perak | district_or_area | Larut Dan Matang,Perak,Larut Dan Matang,district_or_area,2025-12-01,0.0,0.0,False,constant_series,2026-01-01,0.0,three_month_mean_insufficient_signal,0.0,stable,demand-hybrid-v1.0.0,2026-09-17T20:09:39.595575+00:00
Perak | district_or_area | Manjung,Perak,Manjung,district_or_area,2025-12-01,5.0,5.0,True,,2026-01-01,5.0,three_month_mean,0.0,stable,demand-hybrid-v1.0.0,2026-09-17T20:09:39.595575+00:00
Perak | district_or_area | Muallim,Perak,Muallim,district_or_area,2025-12-01,0.0,0.0,False,constant_series,2026-01-01,0.0,three_month_mean_insufficient_signal,0.0,stable,demand-hybrid-v1.0.0,2026-09-17T20:09:39.595575+00:00
Perak | district_or_area | Perak Tengah,Perak,Perak Tengah,district_or_area,2025-12-01,0.0,0.0,False,constant_series,2026-01-01,0.0,three_month_mean_insufficient_signal,0.0,stable,demand-hybrid-v1.0.0,2026-09-17T20:09:39.595575+00:00
Perak | district_or_area | Selama,Perak,Selama,district_or_area,2025-12-01,0.0,0.0,True,,2026-01-01,0.0,three_month_mean,0.0,stable,demand-hybrid-v1.0.0,2026-09-17T20:09:39.595575+00:00
Pulau Pinang | district_or_area | Barat Daya,Pulau Pinang,Barat Daya,district_or_area,2025-12-01,0.0,0.0,False,constant_series,2026-01-01,0.0,three_month_mean_insufficient_signal,0.0,stable,demand-hybrid-v1.0.0,2026-09-17T20:09:39.595575+00:00
Pulau Pinang | district_or_area | Seberang Perai Selatan,Pulau Pinang,Seberang Perai Selatan,district_or_area,2025-12-01,0.0,0.0,False,constant_series,2026-01-01,0.0,three_month_mean_insufficient_signal,0.0,stable,demand-hybrid-v1.0.0,2026-09-17T20:09:39.595575+00:00
Pulau Pinang | district_or_area | Seberang Perai Tengah,Pulau Pinang,Seberang Perai Tengah,district_or_area,2025-12-01,0.0,0.0,False,constant_series,2026-01-01,0.0,three_month_mean_insufficient_signal,0.0,stable,demand-hybrid-v1.0.0,2026-09-17T20:09:39.595575+00:00
Pulau Pinang | district_or_area | Seberang Perai Utara,Pulau Pinang,Seberang Perai Utara,district_or_area,2025-12-01,0.0,0.0,False,constant_series,2026-01-01,0.0,three_month_mean_insufficient_signal,0.0,stable,demand-hybrid-v1.0.0,2026-09-17T20:09:39.595575+00:00
Pulau Pinang | district_or_area | Timur Laut,Pulau Pinang,Timur Laut,district_or_area,2025-12-01,0.0,0.0,False,constant_series,2026-01-01,0.0,three_month_mean_insufficient_signal,0.0,stable,demand-hybrid-v1.0.0,2026-09-17T20:09:39.595575+00:00
Sabah | district_or_area | Beaufort,Sabah,Beaufort,district_or_area,2025-12-01,1.0,1.0,True,,2026-01-01,1.0,three_month_mean,0.0,stable,demand-hybrid-v1.0.0,2026-09-17T20:09:39.595575+00:00
Sabah | district_or_area | Beluran,Sabah,Beluran,district_or_area,2025-12-01,0.0,0.0,True,,2026-01-01,0.0,three_month_mean,0.0,stable,demand-hybrid-v1.0.0,2026-09-17T20:09:39.595575+00:00
Sabah | district_or_area | Kalabakan,Sabah,Kalabakan,district_or_area,2025-12-01,0.0,0.0,True,,2026-01-01,0.0,three_month_mean,0.0,stable,demand-hybrid-v1.0.0,2026-09-17T20:09:39.595575+00:00
Sabah | district_or_area | Keningau,Sabah,Keningau,district_or_area,2025-12-01,1.0,1.0,True,,2026-01-01,1.0,three_month_mean,0.0,stable,demand-hybrid-v1.0.0,2026-09-17T20:09:39.595575+00:00
Sabah | district_or_area | Kinabatangan,Sabah,Kinabatangan,district_or_area,2025-12-01,0.0,3.6666666666666665,True,,2026-01-01,3.6666666666666665,three_month_mean,3.6666666666666665,rising,demand-hybrid-v1.0.0,2026-09-17T20:09:39.595575+00:00
Sabah | district_or_area | Kota Belud,Sabah,Kota Belud,district_or_area,2025-12-01,0.0,0.3333333333333333,True,,2026-01-01,0.3333333333333333,three_month_mean,0.3333333333333333,stable,demand-hybrid-v1.0.0,2026-09-17T20:09:39.595575+00:00
Sabah | district_or_area | Kota Kinabalu,Sabah,Kota Kinabalu,district_or_area,2025-12-01,81.0,82.0,True,,2026-01-01,82.0,three_month_mean,1.0,stable,demand-hybrid-v1.0.0,2026-09-17T20:09:39.595575+00:00
Sabah | district_or_area | Kota Marudu,Sabah,Kota Marudu,district_or_area,2025-12-01,0.0,0.0,True,,2026-01-01,0.0,three_month_mean,0.0,stable,demand-hybrid-v1.0.0,2026-09-17T20:09:39.595575+00:00
Sabah | district_or_area | Kuala Penyu,Sabah,Kuala Penyu,district_or_area,2025-12-01,0.0,0.0,True,,2026-01-01,0.0,three_month_mean,0.0,stable,demand-hybrid-v1.0.0,2026-09-17T20:09:39.595575+00:00
Sabah | district_or_area | Kudat,Sabah,Kudat,district_or_area,2025-12-01,1.0,1.0,True,,2026-01-01,1.0,three_month_mean,0.0,stable,demand-hybrid-v1.0.0,2026-09-17T20:09:39.595575+00:00
Sabah | district_or_area | Kunak,Sabah,Kunak,district_or_area,2025-12-01,0.0,0.3333333333333333,True,,2026-01-01,0.3333333333333333,three_month_mean,0.3333333333333333,stable,demand-hybrid-v1.0.0,2026-09-17T20:09:39.595575+00:00
Sabah | district_or_area | Lahad Datu,Sabah,Lahad Datu,district_or_area,2025-12-01,0.0,3.6666666666666665,True,,2026-01-01,3.6666666666666665,three_month_mean,3.6666666666666665,rising,demand-hybrid-v1.0.0,2026-09-17T20:09:39.595575+00:00
Sabah | district_or_area | Nabawan,Sabah,Nabawan,district_or_area,2025-12-01,0.0,0.0,False,constant_series,2026-01-01,0.0,three_month_mean_insufficient_signal,0.0,stable,demand-hybrid-v1.0.0,2026-09-17T20:09:39.595575+00:00
Sabah | district_or_area | Pitas,Sabah,Pitas,district_or_area,2025-12-01,0.0,0.0,False,constant_series,2026-01-01,0.0,three_month_mean_insufficient_signal,0.0,stable,demand-hybrid-v1.0.0,2026-09-17T20:09:39.595575+00:00
Sabah | district_or_area | Putatan,Sabah,Putatan,district_or_area,2025-12-01,0.0,0.0,True,,2026-01-01,0.0,three_month_mean,0.0,stable,demand-hybrid-v1.0.0,2026-09-17T20:09:39.595575+00:00
Sabah | district_or_area | Ranau,Sabah,Ranau,district_or_area,2025-12-01,0.0,9.0,True,,2026-01-01,9.0,three_month_mean,9.0,rising,demand-hybrid-v1.0.0,2026-09-17T20:09:39.595575+00:00
Sabah | district_or_area | Sandakan,Sabah,Sandakan,district_or_area,2025-12-01,0.0,12.0,True,,2026-01-01,12.0,three_month_mean,12.0,rising,demand-hybrid-v1.0.0,2026-09-17T20:09:39.595575+00:00
Sabah | district_or_area | Semporna,Sabah,Semporna,district_or_area,2025-12-01,0.0,11.333333333333334,True,,2026-01-01,11.333333333333334,three_month_mean,11.333333333333334,rising,demand-hybrid-v1.0.0,2026-09-17T20:09:39.595575+00:00
Sabah | district_or_area | Sipitang,Sabah,Sipitang,district_or_area,2025-12-01,0.0,0.0,True,,2026-01-01,0.0,three_month_mean,0.0,stable,demand-hybrid-v1.0.0,2026-09-17T20:09:39.595575+00:00
Sabah | district_or_area | Tawau,Sabah,Tawau,district_or_area,2025-12-01,0.0,15.333333333333334,True,,2026-01-01,15.333333333333334,three_month_mean,15.333333333333334,rising,demand-hybrid-v1.0.0,2026-09-17T20:09:39.595575+00:00
Sabah | district_or_area | Telupid,Sabah,Telupid,district_or_area,2025-12-01,0.0,0.0,True,,2026-01-01,0.0,three_month_mean,0.0,stable,demand-hybrid-v1.0.0,2026-09-17T20:09:39.595575+00:00
Sabah | district_or_area | Tenom,Sabah,Tenom,district_or_area,2025-12-01,0.0,0.0,True,,2026-01-01,0.0,three_month_mean,0.0,stable,demand-hybrid-v1.0.0,2026-09-17T20:09:39.595575+00:00
Sabah | district_or_area | Tongod,Sabah,Tongod,district_or_area,2025-12-01,0.0,0.0,False,constant_series,2026-01-01,0.0,three_month_mean_insufficient_signal,0.0,stable,demand-hybrid-v1.0.0,2026-09-17T20:09:39.595575+00:00
Sabah | district_or_area | Tuaran,Sabah,Tuaran,district_or_area,2025-12-01,2.0,2.0,True,,2026-01-01,2.0,three_month_mean,0.0,stable,demand-hybrid-v1.0.0,2026-09-17T20:09:39.595575+00:00
Sarawak | district_or_area | Asajaya,Sarawak,Asajaya,district_or_area,2025-12-01,0.0,0.0,True,,2026-01-01,0.0,three_month_mean,0.0,stable,demand-hybrid-v1.0.0,2026-09-17T20:09:39.595575+00:00
Sarawak | district_or_area | Bau,Sarawak,Bau,district_or_area,2025-12-01,2.0,2.0,True,,2026-01-01,2.0,three_month_mean,0.0,stable,demand-hybrid-v1.0.0,2026-09-17T20:09:39.595575+00:00
Sarawak | district_or_area | Belaga,Sarawak,Belaga,district_or_area,2025-12-01,0.0,0.0,True,,2026-01-01,0.0,three_month_mean,0.0,stable,demand-hybrid-v1.0.0,2026-09-17T20:09:39.595575+00:00
Sarawak | district_or_area | Beluru,Sarawak,Beluru,district_or_area,2025-12-01,0.0,0.0,False,constant_series,2026-01-01,0.0,three_month_mean_insufficient_signal,0.0,stable,demand-hybrid-v1.0.0,2026-09-17T20:09:39.595575+00:00
Sarawak | district_or_area | Betong,Sarawak,Betong,district_or_area,2025-12-01,4.0,4.333333333333333,True,,2026-01-01,4.333333333333333,three_month_mean,0.33333333333333304,stable,demand-hybrid-v1.0.0,2026-09-17T20:09:39.595575+00:00
Sarawak | district_or_area | Bintulu,Sarawak,Bintulu,district_or_area,2025-12-01,15.0,14.666666666666666,True,,2026-01-01,14.666666666666666,three_month_mean,-0.3333333333333339,stable,demand-hybrid-v1.0.0,2026-09-17T20:09:39.595575+00:00
Sarawak | district_or_area | Bukit Mabong,Sarawak,Bukit Mabong,district_or_area,2025-12-01,0.0,0.0,True,,2026-01-01,0.0,three_month_mean,0.0,stable,demand-hybrid-v1.0.0,2026-09-17T20:09:39.595575+00:00
Sarawak | district_or_area | Dalat,Sarawak,Dalat,district_or_area,2025-12-01,5.0,5.333333333333333,True,,2026-01-01,5.333333333333333,three_month_mean,0.33333333333333304,stable,demand-hybrid-v1.0.0,2026-09-17T20:09:39.595575+00:00
Sarawak | district_or_area | Daro,Sarawak,Daro,district_or_area,2025-12-01,0.0,0.0,True,,2026-01-01,0.0,three_month_mean,0.0,stable,demand-hybrid-v1.0.0,2026-09-17T20:09:39.595575+00:00
Sarawak | district_or_area | Julau,Sarawak,Julau,district_or_area,2025-12-01,0.0,0.0,False,constant_series,2026-01-01,0.0,three_month_mean_insufficient_signal,0.0,stable,demand-hybrid-v1.0.0,2026-09-17T20:09:39.595575+00:00
Sarawak | district_or_area | Kabong,Sarawak,Kabong,district_or_area,2025-12-01,0.0,0.0,True,,2026-01-01,0.0,three_month_mean,0.0,stable,demand-hybrid-v1.0.0,2026-09-17T20:09:39.595575+00:00
Sarawak | district_or_area | Kanowit,Sarawak,Kanowit,district_or_area,2025-12-01,0.0,0.0,False,constant_series,2026-01-01,0.0,three_month_mean_insufficient_signal,0.0,stable,demand-hybrid-v1.0.0,2026-09-17T20:09:39.595575+00:00
Sarawak | district_or_area | Kapit,Sarawak,Kapit,district_or_area,2025-12-01,0.0,0.0,True,,2026-01-01,0.0,three_month_mean,0.0,stable,demand-hybrid-v1.0.0,2026-09-17T20:09:39.595575+00:00
Sarawak | district_or_area | Kuching,Sarawak,Kuching,district_or_area,2025-12-01,81.0,75.33333333333333,True,,2026-01-01,75.33333333333333,three_month_mean,-5.666666666666671,falling,demand-hybrid-v1.0.0,2026-09-17T20:09:39.595575+00:00
Sarawak | district_or_area | Lawas,Sarawak,Lawas,district_or_area,2025-12-01,1.0,0.3333333333333333,True,,2026-01-01,0.3333333333333333,three_month_mean,-0.6666666666666667,stable,demand-hybrid-v1.0.0,2026-09-17T20:09:39.595575+00:00
Sarawak | district_or_area | Limbang,Sarawak,Limbang,district_or_area,2025-12-01,1.0,1.0,True,,2026-01-01,1.0,three_month_mean,0.0,stable,demand-hybrid-v1.0.0,2026-09-17T20:09:39.595575+00:00
Sarawak | district_or_area | Lubok Antu,Sarawak,Lubok Antu,district_or_area,2025-12-01,0.0,0.0,False,constant_series,2026-01-01,0.0,three_month_mean_insufficient_signal,0.0,stable,demand-hybrid-v1.0.0,2026-09-17T20:09:39.595575+00:00
Sarawak | district_or_area | Lundu,Sarawak,Lundu,district_or_area,2025-12-01,0.0,0.6666666666666666,True,,2026-01-01,0.6666666666666666,three_month_mean,0.6666666666666666,stable,demand-hybrid-v1.0.0,2026-09-17T20:09:39.595575+00:00
Sarawak | district_or_area | Maradong,Sarawak,Maradong,district_or_area,2025-12-01,0.0,0.0,False,constant_series,2026-01-01,0.0,three_month_mean_insufficient_signal,0.0,stable,demand-hybrid-v1.0.0,2026-09-17T20:09:39.595575+00:00
Sarawak | district_or_area | Marudi,Sarawak,Marudi,district_or_area,2025-12-01,0.0,0.3333333333333333,True,,2026-01-01,0.3333333333333333,three_month_mean,0.3333333333333333,stable,demand-hybrid-v1.0.0,2026-09-17T20:09:39.595575+00:00
Sarawak | district_or_area | Matu,Sarawak,Matu,district_or_area,2025-12-01,0.0,0.0,False,constant_series,2026-01-01,0.0,three_month_mean_insufficient_signal,0.0,stable,demand-hybrid-v1.0.0,2026-09-17T20:09:39.595575+00:00
Sarawak | district_or_area | Miri,Sarawak,Miri,district_or_area,2025-12-01,37.0,39.333333333333336,True,,2026-01-01,39.333333333333336,three_month_mean,2.3333333333333357,rising,demand-hybrid-v1.0.0,2026-09-17T20:09:39.595575+00:00
Sarawak | district_or_area | Mukah,Sarawak,Mukah,district_or_area,2025-12-01,1.0,1.6666666666666667,True,,2026-01-01,1.6666666666666667,three_month_mean,0.6666666666666667,stable,demand-hybrid-v1.0.0,2026-09-17T20:09:39.595575+00:00
Sarawak | district_or_area | Pakan,Sarawak,Pakan,district_or_area,2025-12-01,0.0,0.0,False,constant_series,2026-01-01,0.0,three_month_mean_insufficient_signal,0.0,stable,demand-hybrid-v1.0.0,2026-09-17T20:09:39.595575+00:00
Sarawak | district_or_area | Pusa,Sarawak,Pusa,district_or_area,2025-12-01,0.0,0.0,True,,2026-01-01,0.0,three_month_mean,0.0,stable,demand-hybrid-v1.0.0,2026-09-17T20:09:39.595575+00:00
Sarawak | district_or_area | Samarahan,Sarawak,Samarahan,district_or_area,2025-12-01,0.0,0.6666666666666666,True,,2026-01-01,0.6666666666666666,three_month_mean,0.6666666666666666,stable,demand-hybrid-v1.0.0,2026-09-17T20:09:39.595575+00:00
Sarawak | district_or_area | Saratok,Sarawak,Saratok,district_or_area,2025-12-01,0.0,0.0,False,constant_series,2026-01-01,0.0,three_month_mean_insufficient_signal,0.0,stable,demand-hybrid-v1.0.0,2026-09-17T20:09:39.595575+00:00
Sarawak | district_or_area | Sarikei,Sarawak,Sarikei,district_or_area,2025-12-01,1.0,0.3333333333333333,True,,2026-01-01,0.3333333333333333,three_month_mean,-0.6666666666666667,stable,demand-hybrid-v1.0.0,2026-09-17T20:09:39.595575+00:00
Sarawak | district_or_area | Sebauh,Sarawak,Sebauh,district_or_area,2025-12-01,0.0,0.0,False,constant_series,2026-01-01,0.0,three_month_mean_insufficient_signal,0.0,stable,demand-hybrid-v1.0.0,2026-09-17T20:09:39.595575+00:00
Sarawak | district_or_area | Selangau,Sarawak,Selangau,district_or_area,2025-12-01,0.0,0.0,True,,2026-01-01,0.0,three_month_mean,0.0,stable,demand-hybrid-v1.0.0,2026-09-17T20:09:39.595575+00:00
Sarawak | district_or_area | Serian,Sarawak,Serian,district_or_area,2025-12-01,3.0,2.3333333333333335,True,,2026-01-01,2.3333333333333335,three_month_mean,-0.6666666666666665,stable,demand-hybrid-v1.0.0,2026-09-17T20:09:39.595575+00:00
Sarawak | district_or_area | Sibu,Sarawak,Sibu,district_or_area,2025-12-01,29.0,27.333333333333332,True,,2026-01-01,27.333333333333332,three_month_mean,-1.6666666666666679,stable,demand-hybrid-v1.0.0,2026-09-17T20:09:39.595575+00:00
Sarawak | district_or_area | Simunjan,Sarawak,Simunjan,district_or_area,2025-12-01,0.0,0.0,False,constant_series,2026-01-01,0.0,three_month_mean_insufficient_signal,0.0,stable,demand-hybrid-v1.0.0,2026-09-17T20:09:39.595575+00:00
Sarawak | district_or_area | Song,Sarawak,Song,district_or_area,2025-12-01,28.0,21.666666666666668,True,,2026-01-01,21.666666666666668,three_month_mean,-6.333333333333332,falling,demand-hybrid-v1.0.0,2026-09-17T20:09:39.595575+00:00
Sarawak | district_or_area | Sri Aman,Sarawak,Sri Aman,district_or_area,2025-12-01,0.0,0.0,True,,2026-01-01,0.0,three_month_mean,0.0,stable,demand-hybrid-v1.0.0,2026-09-17T20:09:39.595575+00:00
Sarawak | district_or_area | Subis,Sarawak,Subis,district_or_area,2025-12-01,0.0,0.0,False,constant_series,2026-01-01,0.0,three_month_mean_insufficient_signal,0.0,stable,demand-hybrid-v1.0.0,2026-09-17T20:09:39.595575+00:00
Sarawak | district_or_area | Tanjung,Sarawak,Tanjung,district_or_area,2025-12-01,30.0,29.666666666666668,True,,2026-01-01,29.666666666666668,three_month_mean,-0.33333333333333215,stable,demand-hybrid-v1.0.0,2026-09-17T20:09:39.595575+00:00
Sarawak | district_or_area | Tatau,Sarawak,Tatau,district_or_area,2025-12-01,0.0,0.0,True,,2026-01-01,0.0,three_month_mean,0.0,stable,demand-hybrid-v1.0.0,2026-09-17T20:09:39.595575+00:00
Sarawak | district_or_area | Tebedu,Sarawak,Tebedu,district_or_area,2025-12-01,0.0,0.0,False,constant_series,2026-01-01,0.0,three_month_mean_insufficient_signal,0.0,stable,demand-hybrid-v1.0.0,2026-09-17T20:09:39.595575+00:00
Sarawak | district_or_area | Telang Usan,Sarawak,Telang Usan,district_or_area,2025-12-01,0.0,0.0,True,,2026-01-01,0.0,three_month_mean,0.0,stable,demand-hybrid-v1.0.0,2026-09-17T20:09:39.595575+00:00
Selangor | district_or_area | Gombak,Selangor,Gombak,district_or_area,2025-12-01,13.0,13.333333333333334,True,,2026-01-01,13.333333333333334,three_month_mean,0.3333333333333339,stable,demand-hybrid-v1.0.0,2026-09-17T20:09:39.595575+00:00
Selangor | district_or_area | Hulu Langat,Selangor,Hulu Langat,district_or_area,2025-12-01,2.0,1.6666666666666667,True,,2026-01-01,1.6666666666666667,three_month_mean,-0.33333333333333326,stable,demand-hybrid-v1.0.0,2026-09-17T20:09:39.595575+00:00
Selangor | district_or_area | Hulu Selangor,Selangor,Hulu Selangor,district_or_area,2025-12-01,0.0,0.0,True,,2026-01-01,0.0,three_month_mean,0.0,stable,demand-hybrid-v1.0.0,2026-09-17T20:09:39.595575+00:00
Selangor | district_or_area | Klang,Selangor,Klang,district_or_area,2025-12-01,32.0,29.0,True,,2026-01-01,29.0,three_month_mean,-3.0,falling,demand-hybrid-v1.0.0,2026-09-17T20:09:39.595575+00:00
Selangor | district_or_area | Kuala Langat,Selangor,Kuala Langat,district_or_area,2025-12-01,0.0,0.0,True,,2026-01-01,0.0,three_month_mean,0.0,stable,demand-hybrid-v1.0.0,2026-09-17T20:09:39.595575+00:00
Selangor | district_or_area | Kuala Selangor,Selangor,Kuala Selangor,district_or_area,2025-12-01,5.0,5.0,True,,2026-01-01,5.0,three_month_mean,0.0,stable,demand-hybrid-v1.0.0,2026-09-17T20:09:39.595575+00:00
Selangor | district_or_area | Petaling,Selangor,Petaling,district_or_area,2025-12-01,26.0,24.666666666666668,True,,2026-01-01,24.666666666666668,three_month_mean,-1.3333333333333321,stable,demand-hybrid-v1.0.0,2026-09-17T20:09:39.595575+00:00
Selangor | district_or_area | Sabak Bernam,Selangor,Sabak Bernam,district_or_area,2025-12-01,1.0,0.3333333333333333,True,,2026-01-01,0.3333333333333333,three_month_mean,-0.6666666666666667,stable,demand-hybrid-v1.0.0,2026-09-17T20:09:39.595575+00:00
Selangor | district_or_area | Sepang,Selangor,Sepang,district_or_area,2025-12-01,7.0,8.666666666666666,True,,2026-01-01,8.666666666666666,three_month_mean,1.666666666666666,stable,demand-hybrid-v1.0.0,2026-09-17T20:09:39.595575+00:00
Terengganu | district_or_area | Besut,Terengganu,Besut,district_or_area,2025-12-01,1.0,1.0,True,,2026-01-01,1.0,three_month_mean,0.0,stable,demand-hybrid-v1.0.0,2026-09-17T20:09:39.595575+00:00
Terengganu | district_or_area | Dungun,Terengganu,Dungun,district_or_area,2025-12-01,2.0,2.0,True,,2026-01-01,2.0,three_month_mean,0.0,stable,demand-hybrid-v1.0.0,2026-09-17T20:09:39.595575+00:00
Terengganu | district_or_area | Hulu Terengganu,Terengganu,Hulu Terengganu,district_or_area,2025-12-01,0.0,0.0,False,constant_series,2026-01-01,0.0,three_month_mean_insufficient_signal,0.0,stable,demand-hybrid-v1.0.0,2026-09-17T20:09:39.595575+00:00
Terengganu | district_or_area | Kemaman,Terengganu,Kemaman,district_or_area,2025-12-01,1.0,1.0,True,,2026-01-01,1.0,three_month_mean,0.0,stable,demand-hybrid-v1.0.0,2026-09-17T20:09:39.595575+00:00
Terengganu | district_or_area | Kuala Nerus,Terengganu,Kuala Nerus,district_or_area,2025-12-01,0.0,0.0,False,constant_series,2026-01-01,0.0,three_month_mean_insufficient_signal,0.0,stable,demand-hybrid-v1.0.0,2026-09-17T20:09:39.595575+00:00
Terengganu | district_or_area | Kuala Terengganu,Terengganu,Kuala Terengganu,district_or_area,2025-12-01,15.0,15.0,True,,2026-01-01,15.0,three_month_mean,0.0,stable,demand-hybrid-v1.0.0,2026-09-17T20:09:39.595575+00:00
Terengganu | district_or_area | Marang,Terengganu,Marang,district_or_area,2025-12-01,1.0,1.0,True,,2026-01-01,1.0,three_month_mean,0.0,stable,demand-hybrid-v1.0.0,2026-09-17T20:09:39.595575+00:00
Terengganu | district_or_area | Setiu,Terengganu,Setiu,district_or_area,2025-12-01,0.0,0.0,True,,2026-01-01,0.0,three_month_mean,0.0,stable,demand-hybrid-v1.0.0,2026-09-17T20:09:39.595575+00:00
Johor | state | Johor,Johor,Johor,state,2025-12-01,76.0,67.66666666666667,True,,2026-01-01,67.80133144238008,catboost_residual_hybrid,-8.198668557619925,falling,demand-hybrid-v1.0.0,2026-09-17T20:09:39.595575+00:00
Kedah | state | Kedah,Kedah,Kedah,state,2025-12-01,49.0,42.666666666666664,True,,2026-01-01,43.47673615269167,catboost_residual_hybrid,-5.523263847308328,falling,demand-hybrid-v1.0.0,2026-09-17T20:09:39.595575+00:00
Kelantan | state | Kelantan,Kelantan,Kelantan,state,2025-12-01,47.0,47.333333333333336,True,,2026-01-01,48.00375726379121,catboost_residual_hybrid,1.0037572637912078,stable,demand-hybrid-v1.0.0,2026-09-17T20:09:39.595575+00:00
Melaka | state | Melaka,Melaka,Melaka,state,2025-12-01,60.0,56.0,True,,2026-01-01,56.700384080337955,catboost_residual_hybrid,-3.2996159196620454,falling,demand-hybrid-v1.0.0,2026-09-17T20:09:39.595575+00:00
Negeri Sembilan | state | Negeri Sembilan,Negeri Sembilan,Negeri Sembilan,state,2025-12-01,54.0,53.333333333333336,True,,2026-01-01,53.90242335778514,catboost_residual_hybrid,-0.09757664221486095,stable,demand-hybrid-v1.0.0,2026-09-17T20:09:39.595575+00:00
Pahang | state | Pahang,Pahang,Pahang,state,2025-12-01,42.0,41.333333333333336,True,,2026-01-01,41.65069171709964,catboost_residual_hybrid,-0.34930828290035976,stable,demand-hybrid-v1.0.0,2026-09-17T20:09:39.595575+00:00
Perak | state | Perak,Perak,Perak,state,2025-12-01,56.0,65.33333333333333,True,,2026-01-01,64.22935738948554,catboost_residual_hybrid,8.229357389485543,rising,demand-hybrid-v1.0.0,2026-09-17T20:09:39.595575+00:00
Perlis | state | Perlis,Perlis,Perlis,state,2025-12-01,65.0,55.0,True,,2026-01-01,55.846787732581625,catboost_residual_hybrid,-9.153212267418375,falling,demand-hybrid-v1.0.0,2026-09-17T20:09:39.595575+00:00
Pulau Pinang | state | Pulau Pinang,Pulau Pinang,Pulau Pinang,state,2025-12-01,45.0,43.333333333333336,True,,2026-01-01,43.65086901446787,catboost_residual_hybrid,-1.3491309855321276,stable,demand-hybrid-v1.0.0,2026-09-17T20:09:39.595575+00:00
Sabah | state | Sabah,Sabah,Sabah,state,2025-12-01,41.0,66.66666666666667,True,,2026-01-01,65.08647244577605,catboost_residual_hybrid,24.086472445776053,rising,demand-hybrid-v1.0.0,2026-09-17T20:09:39.595575+00:00
Sarawak | state | Sarawak,Sarawak,Sarawak,state,2025-12-01,44.0,46.666666666666664,True,,2026-01-01,46.63408818561171,catboost_residual_hybrid,2.6340881856117093,rising,demand-hybrid-v1.0.0,2026-09-17T20:09:39.595575+00:00
Selangor | state | Selangor,Selangor,Selangor,state,2025-12-01,65.0,46.0,True,,2026-01-01,46.86085431630884,catboost_residual_hybrid,-18.13914568369116,falling,demand-hybrid-v1.0.0,2026-09-17T20:09:39.595575+00:00
Terengganu | state | Terengganu,Terengganu,Terengganu,state,2025-12-01,41.0,41.333333333333336,True,,2026-01-01,41.70928162552726,catboost_residual_hybrid,0.7092816255272609,stable,demand-hybrid-v1.0.0,2026-09-17T20:09:39.595575+00:00
W.P. Kuala Lumpur | state | W.P. Kuala Lumpur,W.P. Kuala Lumpur,W.P. Kuala Lumpur,state,2025-12-01,88.0,85.66666666666667,True,,2026-01-01,85.48025413884068,catboost_residual_hybrid,-2.519745861159322,falling,demand-hybrid-v1.0.0,2026-09-17T20:09:39.595575+00:00
W.P. Labuan | state | W.P. Labuan,W.P. Labuan,W.P. Labuan,state,2025-12-01,76.0,80.0,True,,2026-01-01,79.33559605617297,catboost_residual_hybrid,3.3355960561729745,rising,demand-hybrid-v1.0.0,2026-09-17T20:09:39.595575+00:00
W.P. Putrajaya | state | W.P. Putrajaya,W.P. Putrajaya,W.P. Putrajaya,state,2025-12-01,72.0,69.0,True,,2026-01-01,69.42297428122257,catboost_residual_hybrid,-2.577025718777435,falling,demand-hybrid-v1.0.0,2026-09-17T20:09:39.595575+00:00
