series_id,state,area,canonical_district,mapping_confidence,latest_observed_month,latest_observed_trend,observed_months,unique_trend_values,forecast_month,forecast_trend_index,forecast_method,recent_3m_mean,previous_3m_mean,short_term_change_pct,recent_12m_mean,previous_12m_mean,annual_change_pct,normalized_12m_slope_pct,projected_change_pct,short_term_signal_score,annual_signal_score,trend_slope_score,projected_change_score,digital_emerging_signal_score,population_000,population_000_year,income_median,income_median_year,poverty,poverty_year,u_rate,u_rate_year,context_component_count,development_support_context_score,signal_quality,signal_category,leading_signal_components,data_confidence
Sabah | district_or_area | Kunak,Sabah,Kunak,Kunak,high,2025-12-01,0.0,85,2,2026-01-01,0.3333333333333333,three_month_mean,0.3333333333333333,0.0,33.33333333333333,0.08333333333333333,0.0,8.333333333333332,2.4475524475524484,33.33333333333333,97.82608695652173,84.34782608695653,84.34782608695653,89.56521739130436,89.84782608695653,78.3,2025,4539.0,2024.0,29.2,2024.0,8.4,2024.0,3,78.5943706341597,limited_variation,emerging_signal_support_priority,Recent three-month growth; Next-month projected change,medium
Selangor | district_or_area | Gombak,Selangor,Gombak,Gombak,high,2025-12-01,13.0,85,15,2026-01-01,13.333333333333334,three_month_mean,13.333333333333334,10.333333333333334,29.032258064516128,11.333333333333334,10.166666666666666,11.475409836065586,1.9127930892636797,2.5641025641025688,94.78260869565217,91.30434782608695,79.13043478260869,76.52173913043478,87.8695652173913,985.4,2025,10777.0,2024.0,2.1,2024.0,3.0,2024.0,3,17.97048349541159,informative,rising_digital_interest,Recent three-month growth; Twelve-month growth,high
Sarawak | district_or_area | Dalat,Sarawak,Dalat,Dalat,high,2025-12-01,5.0,84,12,2026-01-01,5.333333333333333,three_month_mean,5.333333333333333,5.0,6.66666666666666,5.0,3.6666666666666665,36.36363636363637,1.818181818181816,6.66666666666666,87.82608695652175,96.95652173913044,77.39130434782608,80.43478260869566,87.3695652173913,21.8,2025,4614.0,2024.0,10.1,2024.0,2.3,2024.0,3,45.9063826873031,informative,rising_digital_interest,Twelve-month growth; Recent three-month growth,high
Selangor | district_or_area | Sabak Bernam,Selangor,Sabak Bernam,Sabak Bernam,high,2025-12-01,1.0,85,3,2026-01-01,0.3333333333333333,three_month_mean,0.3333333333333333,0.0,33.33333333333333,0.16666666666666666,0.0,16.666666666666664,3.4965034965034962,-66.66666666666667,97.82608695652173,96.95652173913044,92.17391304347827,2.1739130434782608,82.08695652173913,110.5,2025,6941.0,2024.0,2.7,2024.0,1.9,2024.0,3,13.942953020134228,informative,rising_digital_interest,Recent three-month growth; Twelve-month growth,high
Sarawak | district_or_area | Song,Sarawak,Song,Song,high,2025-12-01,28.0,84,13,2026-01-01,21.666666666666668,three_month_mean,21.666666666666668,17.666666666666668,22.641509433962263,18.333333333333332,16.083333333333332,13.989637305699484,3.013350286077563,-22.619047619047617,93.91304347826087,93.04347826086956,89.56521739130436,6.956521739130435,79.73913043478261,10.4,2025,3052.0,2024.0,11.3,2024.0,3.7,2024.0,3,74.86816874400768,informative,emerging_signal_support_priority,Recent three-month growth; Twelve-month growth,high
Pahang | district_or_area | Temerloh,Pahang,Temerloh,Temerloh,high,2025-12-01,2.0,85,5,2026-01-01,2.6666666666666665,three_month_mean,2.6666666666666665,2.6666666666666665,0.0,2.25,2.1666666666666665,3.8461538461538534,4.506604506604507,33.33333333333333,66.95652173913044,77.39130434782608,97.82608695652173,89.56521739130436,79.65217391304348,178.7,2025,4595.0,2024.0,6.2,2024.0,2.5,2024.0,3,39.643199561703874,informative,rising_digital_interest,Recent trend slope; Next-month projected change,high
Sarawak | district_or_area | Bau,Sarawak,Bau,Bau,high,2025-12-01,2.0,84,4,2026-01-01,2.0,three_month_mean,2.0,2.0,0.0,1.6666666666666667,1.25,33.333333333333336,6.713286713286713,0.0,66.95652173913044,96.95652173913044,97.82608695652173,50.0,79.58695652173913,54.0,2025,4885.0,2024.0,6.2,2024.0,2.9,2024.0,3,40.00114139615578,informative,rising_digital_interest,Recent trend slope; Twelve-month growth,high
Pahang | district_or_area | Lipis,Pahang,Lipis,Lipis,high,2025-12-01,1.0,85,2,2026-01-01,1.0,three_month_mean,1.0,1.0,0.0,0.9166666666666666,0.75,16.666666666666664,2.447552447552451,0.0,66.95652173913044,96.95652173913044,85.65217391304348,50.0,77.15217391304348,103.3,2025,4611.0,2024.0,9.2,2024.0,1.2,2024.0,3,38.64847281194357,limited_variation,rising_digital_interest,Twelve-month growth; Recent trend slope,medium
Sarawak | district_or_area | Serian,Sarawak,Serian,Serian,high,2025-12-01,3.0,84,4,2026-01-01,2.333333333333333,three_month_mean,2.3333333333333335,1.6666666666666667,40.0,1.75,1.75,0.0,5.794205794205794,-22.222222222222232,97.82608695652173,56.95652173913044,97.82608695652173,7.82608695652174,72.06521739130434,88.1,2025,4082.0,2024.0,11.8,2024.0,6.7,2024.0,3,71.00716796785828,informative,emerging_signal_support_priority,Recent three-month growth; Recent trend slope,high
Sarawak | district_or_area | Kuching,Sarawak,Kuching,Kuching,high,2025-12-01,81.0,84,42,2026-01-01,75.33333333333333,three_month_mean,75.33333333333333,74.33333333333333,1.345291479820628,70.25,68.33333333333333,2.8048780487804947,2.0655501082547354,-6.995884773662558,84.34782608695653,74.78260869565217,80.8695652173913,16.52173913043478,70.60869565217392,627.2,2025,6741.0,2024.0,7.7,2024.0,2.8,2024.0,3,35.23021960462037,informative,rising_digital_interest,Recent three-month growth; Recent trend slope,high
Sarawak | district_or_area | Marudi,Sarawak,Marudi,Marudi,high,2025-12-01,0.0,84,2,2026-01-01,0.3333333333333333,three_month_mean,0.3333333333333333,0.0,33.33333333333333,0.08333333333333333,0.25,-16.666666666666668,3.1468531468531467,33.33333333333333,97.82608695652173,11.73913043478261,90.43478260869566,89.56521739130436,69.28260869565217,18.4,2025,4519.0,2024.0,4.4,2024.0,2.1,2024.0,3,34.05617951878738,limited_variation,rising_digital_interest,Recent three-month growth; Recent trend slope,medium
Kelantan | district_or_area | Tanah Merah,Kelantan,Tanah Merah,Tanah Merah,high,2025-12-01,7.0,85,14,2026-01-01,6.333333333333333,three_month_mean,6.333333333333333,5.333333333333333,18.75,6.416666666666667,5.833333333333333,10.00000000000001,-0.49041867223685365,-9.523809523809529,92.6086956521739,90.43478260869566,32.17391304347826,13.478260869565217,68.0,159.9,2025,3638.0,2024.0,14.9,2024.0,2.2,2024.0,3,67.78854494818061,informative,emerging_signal_support_priority,Recent three-month growth; Twelve-month growth,high
Selangor | district_or_area | Petaling,Selangor,Petaling,Petaling,high,2025-12-01,26.0,85,21,2026-01-01,24.666666666666668,three_month_mean,24.666666666666668,22.666666666666668,8.823529411764705,23.166666666666668,22.833333333333332,1.4598540145985506,0.5433415505358006,-5.128205128205123,89.56521739130436,69.56521739130434,63.47826086956522,20.0,67.91304347826087,2370.6,2025,10688.0,2024.0,1.0,2024.0,2.0,2024.0,3,6.78754051956353,informative,rising_digital_interest,Recent three-month growth; Twelve-month growth,high
Sabah | district_or_area | Beaufort,Sabah,Beaufort,Beaufort,high,2025-12-01,1.0,85,2,2026-01-01,1.0,three_month_mean,1.0,1.0,0.0,1.0,0.9166666666666666,8.333333333333337,6.891831019251096e-17,0.0,66.95652173913044,88.26086956521739,52.17391304347826,50.0,67.84782608695652,77.4,2025,4070.0,2024.0,20.4,2024.0,9.4,2024.0,3,84.03860201798841,limited_variation,emerging_signal_support_priority,Twelve-month growth; Recent three-month growth,medium
Melaka | district_or_area | Alor Gajah,Melaka,Alor Gajah,Alor Gajah,high,2025-12-01,1.0,85,3,2026-01-01,1.0,three_month_mean,1.0,1.0,0.0,1.0,0.9166666666666666,8.333333333333337,6.891831019251096e-17,0.0,66.95652173913044,88.26086956521739,52.17391304347826,50.0,67.84782608695652,261.8,2025,6308.0,2024.0,4.5,2024.0,2.3,2024.0,3,24.954001734922155,informative,rising_digital_interest,Twelve-month growth; Recent three-month growth,high
Pahang | district_or_area | Jerantut,Pahang,Jerantut,Jerantut,high,2025-12-01,1.0,85,3,2026-01-01,1.3333333333333333,three_month_mean,1.3333333333333333,1.3333333333333333,0.0,1.25,1.25,0.0,0.8391608391608404,33.33333333333333,66.95652173913044,56.95652173913044,67.82608695652173,89.56521739130436,67.52173913043478,100.3,2025,4231.0,2024.0,8.8,2024.0,2.8,2024.0,3,54.890083550198604,informative,rising_digital_interest,Next-month projected change; Recent trend slope,high
Kedah | district_or_area | Langkawi,Kedah,Langkawi,Langkawi,high,2025-12-01,46.0,85,42,2026-01-01,43.333333333333336,three_month_mean,43.333333333333336,42.666666666666664,1.562500000000011,43.666666666666664,41.5,5.22088353413654,-0.240217797469704,-5.797101449275357,85.21739130434783,79.13043478260869,35.65217391304348,17.391304347826086,63.30434782608695,100.5,2025,5083.0,2024.0,6.0,2024.0,4.9,2024.0,3,44.25455417066155,informative,stable_or_lower_digital_signal,Recent three-month growth; Twelve-month growth,high
Sarawak | district_or_area | Belaga,Sarawak,Belaga,Belaga,high,2025-12-01,0.0,84,2,2026-01-01,0.0,three_month_mean,0.0,0.0,0.0,0.08333333333333333,0.0,8.333333333333332,-0.3496503496503496,0.0,66.95652173913044,84.34782608695653,33.04347826086956,50.0,62.84782608695652,22.6,2025,3977.0,2024.0,13.6,2024.0,5.9,2024.0,3,75.49137104506232,limited_variation,development_context_monitoring,Twelve-month growth; Recent three-month growth,medium
Selangor | district_or_area | Klang,Selangor,Klang,Klang,high,2025-12-01,32.0,85,20,2026-01-01,29.0,three_month_mean,29.0,25.0,16.0,26.166666666666668,26.75,-2.180685358255447,1.149169302035546,-9.375,91.30434782608695,44.34782608695652,73.04347826086956,14.782608695652174,62.08695652173913,1183.0,2025,8837.0,2024.0,1.0,2024.0,2.6,2024.0,3,11.988882801442724,informative,stable_or_lower_digital_signal,Recent three-month growth; Recent trend slope,high
Pahang | district_or_area | Raub,Pahang,Raub,Raub,high,2025-12-01,3.0,85,7,2026-01-01,3.333333333333333,three_month_mean,3.3333333333333335,4.333333333333333,-23.07692307692307,3.3333333333333335,3.25,2.5641025641025688,2.937062937062939,11.1111111111111,27.82608695652174,73.04347826086956,88.69565217391305,82.6086956521739,61.78260869565217,99.9,2025,4427.0,2024.0,3.4,2024.0,2.6,2024.0,3,36.665753549742035,informative,stable_or_lower_digital_signal,Recent trend slope; Next-month projected change,high
Kedah | district_or_area | Yan,Kedah,Yan,Yan,high,2025-12-01,8.0,85,10,2026-01-01,8.0,three_month_mean,8.0,8.666666666666666,-7.692307692307685,7.916666666666667,7.25,9.19540229885058,0.3091645196908384,0.0,44.34782608695652,89.56521739130436,59.130434782608695,50.0,61.717391304347835,75.1,2025,4695.0,2024.0,7.4,2024.0,1.9,2024.0,3,37.14023193169885,informative,stable_or_lower_digital_signal,Twelve-month growth; Recent trend slope,high
Pahang | district_or_area | Pekan,Pahang,Pekan,Pekan,high,2025-12-01,10.0,85,9,2026-01-01,10.0,three_month_mean,10.0,11.333333333333334,-11.764705882352946,9.833333333333334,9.333333333333334,5.357142857142857,1.2089605309944298,0.0,41.30434782608695,80.0,73.91304347826086,50.0,60.7391304347826,129.3,2025,4344.0,2024.0,10.9,2024.0,2.0,2024.0,3,49.76373099575401,informative,stable_or_lower_digital_signal,Twelve-month growth; Recent trend slope,high
Johor | district_or_area | Kluang,Johor,Kluang,Kluang,high,2025-12-01,6.0,85,6,2026-01-01,6.0,three_month_mean,6.0,6.333333333333333,-5.263157894736837,5.75,5.666666666666667,1.4705882352941124,1.76345393736698,0.0,46.95652173913044,70.43478260869566,76.52173913043478,50.0,60.3695652173913,335.2,2025,6158.0,2024.0,5.7,2024.0,2.8,2024.0,3,31.998927087613566,informative,stable_or_lower_digital_signal,Recent trend slope; Twelve-month growth,high
Sabah | district_or_area | Sipitang,Sabah,Sipitang,Sipitang,high,2025-12-01,0.0,85,2,2026-01-01,0.0,three_month_mean,0.0,0.0,0.0,0.08333333333333333,0.0,8.333333333333332,-1.7482517482517488,0.0,66.95652173913044,84.34782608695653,18.26086956521739,50.0,59.891304347826086,40.9,2025,4606.0,2024.0,15.3,2024.0,8.7,2024.0,3,72.05462722001552,limited_variation,development_context_monitoring,Twelve-month growth; Recent three-month growth,medium
Pahang | district_or_area | Rompin,Pahang,Rompin,Rompin,high,2025-12-01,7.0,85,11,2026-01-01,7.0,three_month_mean,7.0,8.333333333333334,-16.000000000000007,7.0,6.75,3.7037037037037037,2.097902097902097,0.0,36.52173913043478,76.52173913043478,82.17391304347827,50.0,59.673913043478265,104.0,2025,4760.0,2024.0,8.2,2024.0,1.9,2024.0,3,38.29669451673286,informative,stable_or_lower_digital_signal,Recent trend slope; Twelve-month growth,high
Perak | district_or_area | Manjung,Perak,Manjung,Manjung,high,2025-12-01,5.0,85,8,2026-01-01,5.0,three_month_mean,5.0,5.0,0.0,4.666666666666667,4.833333333333333,-3.4482758620689533,2.0979020979021015,0.0,66.95652173913044,40.0,83.47826086956522,50.0,59.6304347826087,256.4,2025,5380.0,2024.0,3.9,2024.0,3.1,2024.0,3,32.05999178194768,informative,stable_or_lower_digital_signal,Recent trend slope; Recent three-month growth,high
Sarawak | district_or_area | Sarikei,Sarawak,Sarikei,Sarikei,high,2025-12-01,1.0,84,3,2026-01-01,0.3333333333333333,three_month_mean,0.3333333333333333,0.3333333333333333,0.0,0.25,0.25,0.0,3.846153846153846,-66.66666666666667,66.95652173913044,56.95652173913044,93.04347826086956,2.1739130434782608,59.45652173913044,45.2,2025,4675.0,2024.0,17.8,2024.0,4.3,2024.0,3,67.53355704697987,informative,development_context_monitoring,Recent trend slope; Recent three-month growth,high
Sabah | district_or_area | Kota Kinabalu,Sabah,Kota Kinabalu,Kota Kinabalu,high,2025-12-01,81.0,85,39,2026-01-01,82.0,three_month_mean,82.0,87.0,-5.747126436781609,82.58333333333333,82.5,0.10101010101009526,0.28367192847516126,1.2345679012345678,46.08695652173913,66.95652173913044,58.26086956521739,75.65217391304347,59.21739130434783,552.4,2025,5896.0,2024.0,12.0,2024.0,5.9,2024.0,3,54.65803771172898,informative,stable_or_lower_digital_signal,Next-month projected change; Twelve-month growth,high
Pahang | district_or_area | Cameron Highlands,Pahang,Cameron Highlands,Cameron Highlands,high,2025-12-01,32.0,85,43,2026-01-01,33.0,three_month_mean,33.0,40.666666666666664,-18.852459016393436,35.0,34.25,2.18978102189781,0.9790209790209801,3.125,33.04347826086956,72.17391304347827,69.56521739130434,77.39130434782608,58.73913043478261,44.8,2025,5655.0,2024.0,5.0,2024.0,1.5,2024.0,3,22.5123270784824,informative,stable_or_lower_digital_signal,Next-month projected change; Twelve-month growth,high
Pahang | district_or_area | Bentong,Pahang,Bentong,Bentong,high,2025-12-01,5.0,85,13,2026-01-01,5.333333333333333,three_month_mean,5.333333333333333,7.0,-23.809523809523814,5.666666666666667,5.583333333333333,1.4925373134328466,1.8510900863842066,6.66666666666666,26.956521739130434,71.30434782608695,78.26086956521739,80.43478260869566,58.54347826086956,120.0,2025,5015.0,2024.0,2.0,2024.0,1.5,2024.0,3,17.886476738346346,informative,stable_or_lower_digital_signal,Next-month projected change; Recent trend slope,high
Sarawak | district_or_area | Limbang,Sarawak,Limbang,Limbang,high,2025-12-01,1.0,79,3,2026-01-01,1.0,three_month_mean,1.0,1.0,0.0,1.0,1.0,0.0,6.891831019251096e-17,0.0,66.95652173913044,56.95652173913044,52.17391304347826,50.0,58.45652173913044,46.7,2025,4060.0,2024.0,14.4,2024.0,2.7,2024.0,3,66.22802812400128,informative,development_context_monitoring,Recent three-month growth; Twelve-month growth,high
Terengganu | district_or_area | Kemaman,Terengganu,Kemaman,Kemaman,high,2025-12-01,1.0,85,2,2026-01-01,1.0,three_month_mean,1.0,1.0,0.0,1.0,1.0,0.0,6.891831019251096e-17,0.0,66.95652173913044,56.95652173913044,52.17391304347826,50.0,58.45652173913044,235.0,2025,7709.0,2024.0,3.5,2024.0,2.6,2024.0,3,20.271195726612795,limited_variation,stable_or_lower_digital_signal,Recent three-month growth; Twelve-month growth,medium
Sarawak | district_or_area | Sibu,Sarawak,Sibu,Sibu,high,2025-12-01,29.0,84,25,2026-01-01,27.33333333333333,three_month_mean,27.333333333333332,27.333333333333332,0.0,27.0,26.666666666666668,1.2499999999999956,0.2590002590002591,-5.747126436781626,66.95652173913044,68.69565217391305,57.391304347826086,18.26086956521739,58.26086956521739,256.4,2025,5737.0,2024.0,6.3,2024.0,5.7,2024.0,3,43.014084828562304,informative,stable_or_lower_digital_signal,Twelve-month growth; Recent three-month growth,high
Negeri Sembilan | district_or_area | Kuala Pilah,Negeri Sembilan,Kuala Pilah,Kuala Pilah,high,2025-12-01,0.0,85,2,2026-01-01,0.0,three_month_mean,0.0,0.0,0.0,0.08333333333333333,0.0,8.333333333333332,-3.8461538461538427,0.0,66.95652173913044,84.34782608695653,8.26086956521739,50.0,57.891304347826086,72.5,2025,3996.0,2024.0,6.2,2024.0,4.7,2024.0,3,57.7783865223942,limited_variation,stable_or_lower_digital_signal,Twelve-month growth; Recent three-month growth,medium
Sarawak | district_or_area | Samarahan,Sarawak,Samarahan,Samarahan,high,2025-12-01,0.0,84,4,2026-01-01,0.6666666666666666,three_month_mean,0.6666666666666666,0.6666666666666666,0.0,0.3333333333333333,0.75,-41.66666666666667,6.993006993006991,66.66666666666666,66.95652173913044,2.1739130434782608,97.82608695652173,93.04347826086956,57.60869565217391,136.6,2025,6785.0,2024.0,6.3,2024.0,5.7,2024.0,3,39.20456101903849,informative,stable_or_lower_digital_signal,Recent trend slope; Next-month projected change,high
Pahang | district_or_area | Bera,Pahang,Bera,Bera,high,2025-12-01,2.0,85,5,2026-01-01,2.0,three_month_mean,2.0,2.0,0.0,1.5,1.6666666666666667,-10.000000000000005,7.925407925407931,0.0,66.95652173913044,21.73913043478261,97.82608695652173,50.0,57.02173913043478,101.3,2025,4269.0,2024.0,9.0,2024.0,2.8,2024.0,3,54.92409715564079,informative,stable_or_lower_digital_signal,Recent trend slope; Recent three-month growth,high
Sarawak | district_or_area | Tatau,Sarawak,Tatau,Tatau,high,2025-12-01,0.0,84,2,2026-01-01,0.0,three_month_mean,0.0,0.0,0.0,0.0,0.0,0.0,0.0,0.0,66.95652173913044,56.95652173913044,44.34782608695652,50.0,56.891304347826086,32.2,2025,4409.0,2024.0,2.6,2024.0,2.8,2024.0,3,36.89688627128704,limited_variation,stable_or_lower_digital_signal,Recent three-month growth; Twelve-month growth,medium
Selangor | district_or_area | Kuala Langat,Selangor,Kuala Langat,Kuala Langat,high,2025-12-01,0.0,85,2,2026-01-01,0.0,three_month_mean,0.0,0.0,0.0,0.0,0.0,0.0,0.0,0.0,66.95652173913044,56.95652173913044,44.34782608695652,50.0,56.891304347826086,329.0,2025,10583.0,2024.0,0.3,2024.0,1.2,2024.0,3,2.509017029630644,limited_variation,stable_or_lower_digital_signal,Recent three-month growth; Twelve-month growth,medium
Sarawak | district_or_area | Telang Usan,Sarawak,Telang Usan,Telang Usan,high,2025-12-01,0.0,82,2,2026-01-01,0.0,three_month_mean,0.0,0.0,0.0,0.0,0.0,0.0,0.0,0.0,66.95652173913044,56.95652173913044,44.34782608695652,50.0,56.891304347826086,17.4,2025,4281.0,2024.0,1.3,2024.0,1.5,2024.0,3,25.981714833584437,limited_variation,stable_or_lower_digital_signal,Recent three-month growth; Twelve-month growth,medium
Sabah | district_or_area | Beluran,Sabah,Beluran,Beluran,high,2025-12-01,0.0,85,2,2026-01-01,0.0,three_month_mean,0.0,0.0,0.0,0.0,0.0,0.0,0.0,0.0,66.95652173913044,56.95652173913044,44.34782608695652,50.0,56.891304347826086,90.6,2025,4436.0,2024.0,33.0,2024.0,8.6,2024.0,3,80.51271515317536,limited_variation,development_context_monitoring,Recent three-month growth; Twelve-month growth,medium
Sabah | district_or_area | Kalabakan,Sabah,Kalabakan,Kalabakan,high,2025-12-01,0.0,85,2,2026-01-01,0.0,three_month_mean,0.0,0.0,0.0,0.0,0.0,0.0,0.0,0.0,66.95652173913044,56.95652173913044,44.34782608695652,50.0,56.891304347826086,59.1,2025,3304.0,2024.0,26.8,2024.0,9.1,2024.0,3,94.95023512760808,limited_variation,development_context_monitoring,Recent three-month growth; Twelve-month growth,medium
Sarawak | district_or_area | Daro,Sarawak,Daro,Daro,high,2025-12-01,0.0,84,2,2026-01-01,0.0,three_month_mean,0.0,0.0,0.0,0.0,0.0,0.0,0.0,0.0,66.95652173913044,56.95652173913044,44.34782608695652,50.0,56.891304347826086,20.3,2025,3806.0,2024.0,26.8,2024.0,3.8,2024.0,3,83.52006574441857,limited_variation,development_context_monitoring,Recent three-month growth; Twelve-month growth,medium
Sarawak | district_or_area | Kabong,Sarawak,Kabong,Kabong,high,2025-12-01,0.0,84,2,2026-01-01,0.0,three_month_mean,0.0,0.0,0.0,0.0,0.0,0.0,0.0,0.0,66.95652173913044,56.95652173913044,44.34782608695652,50.0,56.891304347826086,19.1,2025,3407.0,2024.0,4.5,2024.0,2.0,2024.0,3,47.450805825685975,limited_variation,stable_or_lower_digital_signal,Recent three-month growth; Twelve-month growth,medium
Sarawak | district_or_area | Asajaya,Sarawak,Asajaya,Asajaya,high,2025-12-01,0.0,84,2,2026-01-01,0.0,three_month_mean,0.0,0.0,0.0,0.0,0.0,0.0,0.0,0.0,66.95652173913044,56.95652173913044,44.34782608695652,50.0,56.891304347826086,35.0,2025,4447.0,2024.0,14.0,2024.0,2.2,2024.0,3,55.03344290736429,limited_variation,stable_or_lower_digital_signal,Recent three-month growth; Twelve-month growth,medium
Negeri Sembilan | district_or_area | Jelebu,Negeri Sembilan,Jelebu,Jelebu,high,2025-12-01,0.0,85,2,2026-01-01,0.0,three_month_mean,0.0,0.0,0.0,0.0,0.0,0.0,0.0,0.0,66.95652173913044,56.95652173913044,44.34782608695652,50.0,56.891304347826086,48.6,2025,3713.0,2024.0,6.4,2024.0,3.5,2024.0,3,59.91017212254029,limited_variation,stable_or_lower_digital_signal,Recent three-month growth; Twelve-month growth,medium
Sarawak | district_or_area | Selangau,Sarawak,Selangau,Selangau,high,2025-12-01,0.0,84,2,2026-01-01,0.0,three_month_mean,0.0,0.0,0.0,0.0,0.0,0.0,0.0,0.0,66.95652173913044,56.95652173913044,44.34782608695652,50.0,56.891304347826086,20.7,2025,4170.0,2024.0,17.2,2024.0,2.3,2024.0,3,64.00162078254121,limited_variation,development_context_monitoring,Recent three-month growth; Twelve-month growth,medium
Negeri Sembilan | district_or_area | Seremban,Negeri Sembilan,Seremban,Seremban,high,2025-12-01,10.0,85,10,2026-01-01,9.666666666666666,three_month_mean,9.666666666666666,9.333333333333334,3.5714285714285583,9.25,10.0,-7.5,0.6426006426006434,-3.3333333333333393,86.08695652173914,34.78260869565217,64.34782608695652,22.608695652173914,56.826086956521735,716.8,2025,6472.0,2024.0,2.8,2024.0,2.7,2024.0,3,22.826667579783592,informative,stable_or_lower_digital_signal,Recent three-month growth; Recent trend slope,high
Kedah | district_or_area | Sik,Kedah,Sik,Sik,high,2025-12-01,2.0,85,5,2026-01-01,2.333333333333333,three_month_mean,2.3333333333333335,3.0,-22.222222222222218,2.75,2.1666666666666665,26.923076923076934,-1.144310235219323,16.66666666666665,29.130434782608695,96.95652173913044,23.47826086956522,84.78260869565217,56.69565217391305,70.5,2025,4438.0,2024.0,8.7,2024.0,2.0,2024.0,3,44.32155412500571,informative,stable_or_lower_digital_signal,Twelve-month growth; Next-month projected change,high
Kedah | district_or_area | Baling,Kedah,Baling,Baling,high,2025-12-01,1.0,85,3,2026-01-01,1.0,three_month_mean,1.0,1.0,0.0,0.9166666666666666,1.0,-8.333333333333337,2.447552447552451,0.0,66.95652173913044,28.26086956521739,85.65217391304348,50.0,56.54347826086956,149.0,2025,3367.0,2024.0,14.7,2024.0,1.8,2024.0,3,66.65730721818929,informative,development_context_monitoring,Recent trend slope; Recent three-month growth,high
Melaka | district_or_area | Jasin,Melaka,Jasin,Jasin,high,2025-12-01,2.0,85,6,2026-01-01,1.6666666666666667,three_month_mean,1.6666666666666667,1.0,66.66666666666667,1.1666666666666667,1.75,-33.33333333333333,4.1958041958042,-16.666666666666664,97.82608695652173,2.1739130434782608,94.78260869565217,9.565217391304348,55.282608695652165,157.3,2025,6401.0,2024.0,1.1,2024.0,1.2,2024.0,3,9.226704104460577,informative,stable_or_lower_digital_signal,Recent three-month growth; Recent trend slope,high
Sarawak | district_or_area | Miri,Sarawak,Miri,Miri,high,2025-12-01,37.0,84,31,2026-01-01,39.333333333333336,three_month_mean,39.333333333333336,40.666666666666664,-3.2786885245901525,38.666666666666664,40.0,-3.3333333333333393,0.8500120569086104,6.306306306306313,48.69565217391305,40.869565217391305,68.69565217391305,78.26086956521739,54.78260869565217,257.7,2025,6600.0,2024.0,3.8,2024.0,2.7,2024.0,3,24.527347851892436,informative,stable_or_lower_digital_signal,Next-month projected change; Recent trend slope,high
Johor | district_or_area | Muar,Johor,Muar,Muar,high,2025-12-01,13.0,85,16,2026-01-01,11.666666666666666,three_month_mean,11.666666666666666,11.0,6.060606060606054,10.583333333333334,11.833333333333334,-10.56338028169014,1.9492318704917146,-10.25641025641026,86.95652173913044,20.869565217391305,80.0,12.173913043478262,54.52173913043479,323.9,2025,7334.0,2024.0,2.1,2024.0,1.6,2024.0,3,10.054216317399444,informative,stable_or_lower_digital_signal,Recent three-month growth; Recent trend slope,high
Perak | district_or_area | Selama,Perak,Selama,Selama,high,2025-12-01,0.0,85,2,2026-01-01,0.0,three_month_mean,0.0,0.6666666666666666,-66.66666666666666,0.16666666666666666,0.0,16.666666666666664,2.097902097902097,0.0,3.4782608695652173,96.95652173913044,82.17391304347827,50.0,54.23913043478261,35.0,2025,3827.0,2024.0,10.4,2024.0,8.9,2024.0,3,74.8187462904625,limited_variation,development_context_monitoring,Twelve-month growth; Recent trend slope,medium
Sabah | district_or_area | Tuaran,Sabah,Tuaran,Tuaran,high,2025-12-01,2.0,85,6,2026-01-01,2.0,three_month_mean,2.0,3.0,-33.333333333333336,2.4166666666666665,2.1666666666666665,11.53846153846154,0.7234145165179628,0.0,14.782608695652174,92.17391304347827,66.08695652173913,50.0,53.54347826086957,142.8,2025,4277.0,2024.0,23.7,2024.0,8.8,2024.0,3,81.24960051134548,informative,development_context_monitoring,Twelve-month growth; Recent trend slope,high
Johor | district_or_area | Kulai,Johor,Kulai,Kulai,high,2025-12-01,7.0,85,9,2026-01-01,6.333333333333333,three_month_mean,6.333333333333333,5.333333333333333,18.75,6.083333333333333,6.25,-2.6666666666666714,-0.632244467860909,-9.523809523809529,92.6086956521739,42.608695652173914,31.30434782608696,13.478260869565217,53.47826086956521,353.0,2025,8406.0,2024.0,0.1,2024.0,2.3,2024.0,3,10.12406976213304,informative,stable_or_lower_digital_signal,Recent three-month growth; Twelve-month growth,high
Johor | district_or_area | Segamat,Johor,Segamat,Segamat,high,2025-12-01,4.0,85,6,2026-01-01,3.6666666666666665,three_month_mean,3.6666666666666665,4.666666666666667,-21.428571428571438,3.9166666666666665,3.6666666666666665,6.818181818181818,1.5176313048653496,-8.333333333333337,30.434782608695656,80.8695652173913,74.78260869565217,15.65217391304348,52.21739130434783,204.3,2025,6451.0,2024.0,3.1,2024.0,2.5,2024.0,3,21.479934255581426,informative,stable_or_lower_digital_signal,Twelve-month growth; Recent trend slope,high
Kedah | district_or_area | Kota Setar,Kedah,Kota Setar,Kota Setar,high,2025-12-01,0.0,85,3,2026-01-01,0.0,three_month_mean,0.0,0.3333333333333333,-33.33333333333333,0.08333333333333333,0.0,8.333333333333332,0.3496503496503492,0.0,18.26086956521739,84.34782608695653,62.17391304347826,50.0,51.630434782608695,383.4,2025,5208.0,2024.0,5.5,2024.0,3.2,2024.0,3,37.717550107291245,informative,stable_or_lower_digital_signal,Twelve-month growth; Recent trend slope,high
Sabah | district_or_area | Telupid,Sabah,Telupid,Telupid,high,2025-12-01,0.0,85,2,2026-01-01,0.0,three_month_mean,0.0,0.3333333333333333,-33.33333333333333,0.08333333333333333,0.0,8.333333333333332,0.3496503496503492,0.0,18.26086956521739,84.34782608695653,62.17391304347826,50.0,51.630434782608695,30.6,2025,4489.0,2024.0,22.0,2024.0,9.3,2024.0,3,78.39234351458705,limited_variation,development_context_monitoring,Twelve-month growth; Recent trend slope,medium
Johor | district_or_area | Batu Pahat,Johor,Batu Pahat,Batu Pahat,high,2025-12-01,10.0,85,14,2026-01-01,10.0,three_month_mean,10.0,9.333333333333334,7.142857142857135,10.0,11.083333333333334,-9.774436090225569,-0.9790209790209767,0.0,88.69565217391305,22.608695652173914,27.82608695652174,50.0,50.89130434782608,511.8,2025,7555.0,2024.0,2.4,2024.0,1.3,2024.0,3,8.444391179290507,informative,stable_or_lower_digital_signal,Recent three-month growth; Next-month projected change,high
Sarawak | district_or_area | Lundu,Sarawak,Lundu,Lundu,high,2025-12-01,0.0,84,5,2026-01-01,0.6666666666666666,three_month_mean,0.6666666666666666,0.3333333333333333,33.33333333333333,0.75,1.0833333333333333,-30.769230769230766,-6.643356643356636,66.66666666666666,97.82608695652173,5.6521739130434785,2.1739130434782608,93.04347826086956,50.326086956521735,34.8,2025,3918.0,2024.0,12.9,2024.0,2.7,2024.0,3,65.92190567502169,informative,development_context_monitoring,Recent three-month growth; Next-month projected change,high
Sarawak | district_or_area | Bintulu,Sarawak,Bintulu,Bintulu,high,2025-12-01,15.0,84,16,2026-01-01,14.666666666666666,three_month_mean,14.666666666666666,16.666666666666668,-12.000000000000009,14.666666666666666,14.666666666666666,0.0,1.5734265734265742,-2.2222222222222263,40.0,56.95652173913044,75.65217391304347,23.47826086956522,49.73913043478261,190.1,2025,8317.0,2024.0,3.7,2024.0,2.2,2024.0,3,16.189905492398303,informative,stable_or_lower_digital_signal,Recent trend slope; Twelve-month growth,high
Sarawak | district_or_area | Pusa,Sarawak,Pusa,Pusa,high,2025-12-01,0.0,84,2,2026-01-01,0.0,three_month_mean,0.0,0.0,0.0,0.0,0.08333333333333333,-8.333333333333332,0.0,0.0,66.95652173913044,32.608695652173914,44.34782608695652,50.0,49.58695652173913,20.3,2025,3276.0,2024.0,14.6,2024.0,1.7,2024.0,3,66.54396657992055,limited_variation,development_context_monitoring,Recent three-month growth; Next-month projected change,medium
Sarawak | district_or_area | Bukit Mabong,Sarawak,Bukit Mabong,Bukit Mabong,high,2025-12-01,0.0,84,2,2026-01-01,0.0,three_month_mean,0.0,0.0,0.0,0.0,0.08333333333333333,-8.333333333333332,0.0,0.0,66.95652173913044,32.608695652173914,44.34782608695652,50.0,49.58695652173913,10.7,2025,2589.0,2024.0,6.3,2024.0,2.8,2024.0,3,60.96151212162717,limited_variation,development_context_monitoring,Recent three-month growth; Next-month projected change,medium
Johor | district_or_area | Tangkak,Johor,Tangkak,Tangkak,high,2025-12-01,2.0,85,5,2026-01-01,2.333333333333333,three_month_mean,2.3333333333333335,3.0,-22.222222222222218,2.8333333333333335,2.75,3.0303030303030356,-1.727684080625256,16.66666666666665,29.130434782608695,75.65217391304347,19.565217391304348,84.78260869565217,49.521739130434774,169.2,2025,6374.0,2024.0,4.0,2024.0,1.7,2024.0,3,18.312674062913757,informative,stable_or_lower_digital_signal,Next-month projected change; Twelve-month growth,high
Sarawak | district_or_area | Mukah,Sarawak,Mukah,Mukah,high,2025-12-01,1.0,84,4,2026-01-01,1.6666666666666667,three_month_mean,1.6666666666666667,1.6666666666666667,0.0,1.5833333333333333,1.75,-9.523809523809529,-1.5458225984541762,66.66666666666667,66.95652173913044,25.217391304347824,20.869565217391305,94.78260869565217,49.391304347826086,42.7,2025,5169.0,2024.0,11.9,2024.0,2.6,2024.0,3,47.89024334566041,informative,stable_or_lower_digital_signal,Next-month projected change; Recent three-month growth,high
Terengganu | district_or_area | Dungun,Terengganu,Dungun,Dungun,high,2025-12-01,2.0,85,4,2026-01-01,2.0,three_month_mean,2.0,2.3333333333333335,-14.285714285714292,2.1666666666666665,2.1666666666666665,0.0,3.9306289975228836e-15,0.0,38.26086956521739,56.95652173913044,54.78260869565217,50.0,48.93478260869565,169.9,2025,7156.0,2024.0,4.4,2024.0,3.1,2024.0,3,27.978359128886453,informative,stable_or_lower_digital_signal,Twelve-month growth; Recent trend slope,high
Selangor | district_or_area | Sepang,Selangor,Sepang,Sepang,high,2025-12-01,7.0,85,21,2026-01-01,8.666666666666666,three_month_mean,8.666666666666666,9.0,-3.7037037037037104,8.583333333333334,9.5,-9.649122807017537,0.040735963066062746,23.8095238095238,47.82608695652174,24.347826086956523,55.65217391304348,86.95652173913044,48.21739130434783,350.4,2025,11131.0,2024.0,0.1,2024.0,2.5,2024.0,3,10.646600922248094,informative,stable_or_lower_digital_signal,Next-month projected change; Recent trend slope,high
Sabah | district_or_area | Kota Belud,Sabah,Kota Belud,Kota Belud,high,2025-12-01,0.0,85,2,2026-01-01,0.3333333333333333,three_month_mean,0.3333333333333333,0.3333333333333333,0.0,0.3333333333333333,0.4166666666666667,-8.333333333333337,-3.4965034965034927,33.33333333333333,66.95652173913044,28.26086956521739,12.173913043478262,89.56521739130436,47.78260869565217,111.5,2025,3512.0,2024.0,26.1,2024.0,8.7,2024.0,3,89.74170204994749,limited_variation,development_context_monitoring,Next-month projected change; Recent three-month growth,medium
Perak | district_or_area | Kuala Kangsar,Perak,Kuala Kangsar,Kuala Kangsar,high,2025-12-01,7.0,85,10,2026-01-01,7.0,three_month_mean,7.0,7.666666666666667,-8.695652173913048,6.916666666666667,7.416666666666667,-6.741573033707865,0.7582778667115989,0.0,43.04347826086957,35.65217391304348,66.95652173913044,50.0,46.65217391304348,179.6,2025,3977.0,2024.0,11.3,2024.0,4.3,2024.0,3,68.12879514221797,informative,development_context_monitoring,Recent trend slope; Next-month projected change,high
Sabah | district_or_area | Kudat,Sabah,Kudat,Kudat,high,2025-12-01,1.0,85,3,2026-01-01,1.0,three_month_mean,1.0,1.0,0.0,1.0,1.1666666666666667,-14.285714285714292,6.891831019251096e-17,0.0,66.95652173913044,16.52173913043478,52.17391304347826,50.0,46.326086956521735,93.7,2025,3249.0,2024.0,35.3,2024.0,9.4,2024.0,3,97.49098297036934,informative,development_context_monitoring,Recent three-month growth; Recent trend slope,high
Sarawak | district_or_area | Betong,Sarawak,Betong,Betong,high,2025-12-01,4.0,84,8,2026-01-01,4.333333333333333,three_month_mean,4.333333333333333,5.0,-13.33333333333334,4.416666666666667,5.0,-11.66666666666666,1.0291595197255567,8.333333333333325,39.130434782608695,19.130434782608695,70.43478260869566,81.73913043478261,45.78260869565217,37.2,2025,4074.0,2024.0,7.6,2024.0,1.9,2024.0,3,46.45995982285531,informative,stable_or_lower_digital_signal,Next-month projected change; Recent trend slope,high
Sarawak | district_or_area | Sri Aman,Sarawak,Sri Aman,Sri Aman,high,2025-12-01,0.0,84,3,2026-01-01,0.0,three_month_mean,0.0,0.3333333333333333,-33.33333333333333,0.08333333333333333,0.08333333333333333,0.0,1.0489510489510485,0.0,18.26086956521739,56.95652173913044,72.17391304347827,50.0,45.41304347826087,61.3,2025,3967.0,2024.0,6.2,2024.0,1.6,2024.0,3,42.46918230379401,informative,stable_or_lower_digital_signal,Recent trend slope; Twelve-month growth,high
Sabah | district_or_area | Kota Marudu,Sabah,Kota Marudu,Kota Marudu,high,2025-12-01,0.0,85,2,2026-01-01,0.0,three_month_mean,0.0,0.3333333333333333,-33.33333333333333,0.16666666666666666,0.08333333333333333,8.333333333333332,-0.6993006993006995,0.0,18.26086956521739,84.34782608695653,30.434782608695656,50.0,45.28260869565217,74.8,2025,2877.0,2024.0,40.0,2024.0,8.7,2024.0,3,95.81313062137606,limited_variation,development_context_monitoring,Twelve-month growth; Next-month projected change,medium
Sabah | district_or_area | Kinabatangan,Sabah,Kinabatangan,Kinabatangan,high,2025-12-01,0.0,85,8,2026-01-01,3.6666666666666665,three_month_mean,3.6666666666666665,5.666666666666667,-35.29411764705883,5.083333333333333,4.833333333333333,5.172413793103448,-3.5079674423936718,366.66666666666663,13.91304347826087,78.26086956521739,11.304347826086957,97.82608695652173,45.28260869565217,164.8,2025,4897.0,2024.0,26.7,2024.0,8.2,2024.0,3,72.45833904031412,informative,development_context_monitoring,Next-month projected change; Twelve-month growth,high
Sarawak | district_or_area | Kapit,Sarawak,Kapit,Kapit,high,2025-12-01,0.0,79,2,2026-01-01,0.0,three_month_mean,0.0,0.6666666666666666,-66.66666666666666,0.25,0.08333333333333333,16.666666666666668,-0.34965034965034913,0.0,3.4782608695652173,96.95652173913044,33.91304347826087,50.0,44.586956521739125,37.2,2025,3259.0,2024.0,15.5,2024.0,4.2,2024.0,3,83.3227183490846,limited_variation,development_context_monitoring,Twelve-month growth; Next-month projected change,medium
Sabah | district_or_area | Keningau,Sabah,Keningau,Keningau,high,2025-12-01,1.0,85,3,2026-01-01,1.0,three_month_mean,1.0,1.0,0.0,0.9166666666666666,1.0,-8.333333333333337,-1.0489510489510459,0.0,66.95652173913044,28.26086956521739,25.217391304347824,50.0,44.45652173913043,157.8,2025,4801.0,2024.0,12.8,2024.0,8.7,2024.0,3,65.0138108934849,informative,development_context_monitoring,Recent three-month growth; Next-month projected change,high
Negeri Sembilan | district_or_area | Port Dickson,Negeri Sembilan,Port Dickson,Port Dickson,high,2025-12-01,40.0,85,40,2026-01-01,38.66666666666666,three_month_mean,38.666666666666664,41.666666666666664,-7.2,36.75,40.333333333333336,-8.884297520661162,2.540316826031114,-3.333333333333357,45.21739130434783,26.08695652173913,86.95652173913044,21.73913043478261,44.30434782608695,135.6,2025,5342.0,2024.0,4.4,2024.0,4.2,2024.0,3,37.37033739670365,informative,stable_or_lower_digital_signal,Recent trend slope; Recent three-month growth,high
Kelantan | district_or_area | Machang,Kelantan,Machang,Machang,high,2025-12-01,2.0,85,5,2026-01-01,1.6666666666666667,three_month_mean,1.6666666666666667,2.0,-16.666666666666664,2.0833333333333335,1.75,19.047619047619058,-3.8601398601398564,-16.666666666666664,35.21739130434783,96.95652173913044,6.956521739130435,9.565217391304348,44.2391304347826,117.7,2025,4156.0,2024.0,7.3,2024.0,4.9,2024.0,3,59.390608592430254,informative,stable_or_lower_digital_signal,Twelve-month growth; Recent three-month growth,high
Johor | district_or_area | Kota Tinggi,Johor,Kota Tinggi,Kota Tinggi,high,2025-12-01,54.0,85,39,2026-01-01,51.66666666666666,three_month_mean,51.666666666666664,53.0,-2.515723270440256,51.583333333333336,54.083333333333336,-4.622496147919876,0.3456963069240947,-4.320987654321005,49.56521739130435,38.26086956521739,60.86956521739131,20.869565217391305,44.1304347826087,234.7,2025,6284.0,2024.0,4.2,2024.0,2.4,2024.0,3,24.366639273158928,informative,stable_or_lower_digital_signal,Recent trend slope; Recent three-month growth,high
Johor | district_or_area | Pontian,Johor,Pontian,Pontian,high,2025-12-01,7.0,85,7,2026-01-01,7.0,three_month_mean,7.0,7.666666666666667,-8.695652173913048,6.333333333333333,7.75,-18.27956989247312,4.195804195804197,0.0,43.04347826086957,8.695652173913043,93.91304347826087,50.0,43.95652173913044,177.9,2025,5685.0,2024.0,2.0,2024.0,2.5,2024.0,3,20.969730173948776,informative,stable_or_lower_digital_signal,Recent trend slope; Next-month projected change,high
Sabah | district_or_area | Kuala Penyu,Sabah,Kuala Penyu,Kuala Penyu,high,2025-12-01,0.0,85,2,2026-01-01,0.0,three_month_mean,0.0,0.0,0.0,0.08333333333333333,0.16666666666666666,-8.333333333333332,-2.4475524475524475,0.0,66.95652173913044,32.608695652173914,15.217391304347828,50.0,43.76086956521739,24.9,2025,3733.0,2024.0,14.3,2024.0,9.0,2024.0,3,82.50353832808291,limited_variation,development_context_monitoring,Recent three-month growth; Next-month projected change,medium
Kedah | district_or_area | Pendang,Kedah,Pendang,Pendang,high,2025-12-01,3.0,85,7,2026-01-01,2.6666666666666665,three_month_mean,2.6666666666666665,2.3333333333333335,14.28571428571427,2.8333333333333335,3.25,-12.820512820512816,-1.727684080625256,-11.111111111111116,90.43478260869566,17.391304347826086,19.565217391304348,11.304347826086957,42.47826086956522,102.0,2025,4592.0,2024.0,7.3,2024.0,3.5,2024.0,3,49.77411770077158,informative,stable_or_lower_digital_signal,Recent three-month growth; Recent trend slope,high
Johor | district_or_area | Mersing,Johor,Mersing,Mersing,high,2025-12-01,25.0,85,42,2026-01-01,29.33333333333333,three_month_mean,29.333333333333332,49.333333333333336,-40.54054054054055,38.583333333333336,39.0,-1.0683760683760624,0.3353018471808956,17.333333333333314,10.434782608695652,46.08695652173913,60.0,86.08695652173914,42.39130434782609,81.4,2025,5335.0,2024.0,6.7,2024.0,2.0,2024.0,3,30.88617997534584,informative,stable_or_lower_digital_signal,Next-month projected change; Recent trend slope,high
Selangor | district_or_area | Hulu Selangor,Selangor,Hulu Selangor,Ulu Selangor,high,2025-12-01,0.0,85,5,2026-01-01,0.0,three_month_mean,0.0,0.0,0.0,0.08333333333333333,0.16666666666666666,-8.333333333333332,-3.8461538461538427,0.0,66.95652173913044,32.608695652173914,8.26086956521739,50.0,42.369565217391305,259.8,2025,8485.0,2024.0,0.4,2024.0,1.4,2024.0,3,2.509017029630644,informative,stable_or_lower_digital_signal,Recent three-month growth; Next-month projected change,high
Kelantan | district_or_area | Kota Bharu,Kelantan,Kota Bharu,Kota Bharu,high,2025-12-01,24.0,85,29,2026-01-01,26.666666666666668,three_month_mean,26.666666666666668,33.0,-19.19191919191919,30.416666666666668,31.25,-2.666666666666663,-1.0230865025385554,11.111111111111116,32.17391304347826,43.47826086956522,26.08695652173913,83.47826086956522,42.04347826086956,590.1,2025,4729.0,2024.0,9.9,2024.0,4.5,2024.0,3,54.9938364607588,informative,stable_or_lower_digital_signal,Next-month projected change; Twelve-month growth,high
Perak | district_or_area | Bagan Datuk,Perak,Bagan Datuk,Bagan Datuk,high,2025-12-01,0.0,85,4,2026-01-01,0.0,three_month_mean,0.0,0.0,0.0,0.0,0.8333333333333334,-83.33333333333334,0.0,0.0,66.95652173913044,2.1739130434782608,44.34782608695652,50.0,40.45652173913044,83.5,2025,4134.0,2024.0,11.5,2024.0,5.0,2024.0,3,68.04364698899694,informative,development_context_monitoring,Recent three-month growth; Next-month projected change,high
Selangor | district_or_area | Kuala Selangor,Selangor,Kuala Selangor,Kuala Selangor,high,2025-12-01,5.0,85,12,2026-01-01,5.0,three_month_mean,5.0,5.666666666666667,-11.764705882352946,5.416666666666667,5.5,-1.5151515151515098,-1.0973641742872484,0.0,41.30434782608695,45.21739130434783,24.347826086956523,50.0,40.391304347826086,301.6,2025,8046.0,2024.0,1.8,2024.0,2.6,2024.0,3,15.713372597361092,informative,stable_or_lower_digital_signal,Next-month projected change; Twelve-month growth,high
Sabah | district_or_area | Semporna,Sabah,Semporna,Semporna,high,2025-12-01,0.0,85,26,2026-01-01,11.333333333333334,three_month_mean,11.333333333333334,22.666666666666668,-50.00000000000001,19.166666666666668,19.0,0.8771929824561466,-4.889024019458801,1133.3333333333335,8.695652173913043,67.82608695652173,5.217391304347826,97.82608695652173,39.108695652173914,201.4,2025,4059.0,2024.0,30.4,2024.0,8.4,2024.0,3,85.97532301511208,informative,development_context_monitoring,Next-month projected change; Twelve-month growth,high
Terengganu | district_or_area | Kuala Terengganu,Terengganu,Kuala Terengganu,Kuala Terengganu,high,2025-12-01,15.0,85,19,2026-01-01,15.0,three_month_mean,15.0,20.0,-25.0,17.0,17.916666666666668,-5.116279069767448,0.24681201151789256,0.0,24.347826086956523,37.391304347826086,56.52173913043478,50.0,38.54347826086956,248.4,2025,6615.0,2024.0,4.2,2024.0,3.3,2024.0,3,29.257179381819842,informative,stable_or_lower_digital_signal,Recent trend slope; Next-month projected change,high
Sabah | district_or_area | Ranau,Sabah,Ranau,Ranau,high,2025-12-01,0.0,85,15,2026-01-01,9.0,three_month_mean,9.0,13.333333333333334,-32.5,11.5,11.833333333333334,-2.816901408450709,-2.1891152325934917,900.0,21.73913043478261,41.73913043478261,16.52173913043478,97.82608695652173,38.108695652173914,89.1,2025,3470.0,2024.0,23.5,2024.0,9.3,2024.0,3,91.16445235812446,informative,development_context_monitoring,Next-month projected change; Twelve-month growth,high
Sabah | district_or_area | Sandakan,Sabah,Sandakan,Sandakan,high,2025-12-01,0.0,85,24,2026-01-01,12.0,three_month_mean,12.0,17.666666666666668,-32.07547169811321,16.25,16.416666666666668,-1.0152284263959461,-3.894566971490049,1200.0,22.608695652173914,46.95652173913044,6.086956521739131,97.82608695652173,37.891304347826086,504.5,2025,5314.0,2024.0,15.2,2024.0,6.8,2024.0,3,63.99808245445829,informative,development_context_monitoring,Next-month projected change; Twelve-month growth,high
Sabah | district_or_area | Putatan,Sabah,Putatan,Putatan,high,2025-12-01,0.0,85,2,2026-01-01,0.0,three_month_mean,0.0,0.0,0.0,0.08333333333333333,0.25,-16.666666666666668,-2.4475524475524475,0.0,66.95652173913044,11.73913043478261,15.217391304347828,50.0,37.5,71.0,2025,6563.0,2024.0,6.9,2024.0,6.1,2024.0,3,42.084303520065745,limited_variation,stable_or_lower_digital_signal,Recent three-month growth; Next-month projected change,medium
Negeri Sembilan | district_or_area | Rembau,Negeri Sembilan,Rembau,Rembau,high,2025-12-01,1.0,85,4,2026-01-01,1.0,three_month_mean,1.0,1.0,0.0,1.1666666666666667,1.3333333333333333,-12.499999999999988,-5.994005994005989,0.0,66.95652173913044,18.26086956521739,2.1739130434782608,50.0,36.847826086956516,49.5,2025,4894.0,2024.0,2.6,2024.0,3.5,2024.0,3,33.991804775601516,informative,stable_or_lower_digital_signal,Recent three-month growth; Next-month projected change,high
Selangor | district_or_area | Hulu Langat,Selangor,Hulu Langat,Ulu Langat,high,2025-12-01,2.0,85,9,2026-01-01,1.6666666666666667,three_month_mean,1.6666666666666667,2.0,-16.666666666666664,1.75,2.0833333333333335,-16.000000000000007,2.5974025974025996,-16.666666666666664,35.21739130434783,15.65217391304348,87.82608695652175,9.565217391304348,36.02173913043478,1516.6,2025,11404.0,2024.0,0.1,2024.0,2.3,2024.0,3,9.05264119070447,informative,stable_or_lower_digital_signal,Recent trend slope; Recent three-month growth,high
Pahang | district_or_area | Kuantan,Pahang,Kuantan,Kuantan,high,2025-12-01,36.0,85,44,2026-01-01,38.333333333333336,three_month_mean,38.333333333333336,48.666666666666664,-21.232876712328757,43.333333333333336,48.833333333333336,-11.262798634812286,-0.3066164604626143,6.481481481481488,31.30434782608696,20.0,34.78260869565217,79.13043478260869,35.78260869565217,576.7,2025,5520.0,2024.0,3.7,2024.0,1.9,2024.0,3,21.22186458476008,informative,stable_or_lower_digital_signal,Next-month projected change; Recent trend slope,high
Sarawak | district_or_area | Tanjung,Sarawak,Tanjung,Tanjung Manis,medium,2025-12-01,30.0,84,38,2026-01-01,29.666666666666668,three_month_mean,29.666666666666668,36.0,-17.59259259259259,31.583333333333332,35.0,-9.761904761904766,0.71959702566563,-1.1111111111111072,33.91304347826087,23.47826086956522,65.21739130434783,24.347826086956523,35.608695652173914,7.9,2025,3837.0,2024.0,15.4,2024.0,6.2,2020.0,3,81.58768205268684,informative,development_context_monitoring,Recent trend slope; Recent three-month growth,medium
Perak | district_or_area | Kerian,Perak,Kerian,Kerian,high,2025-12-01,0.0,85,4,2026-01-01,0.0,three_month_mean,0.0,1.3333333333333333,-99.99999999999999,0.5,0.5833333333333334,-8.333333333333337,3.4965034965034953,0.0,3.4782608695652173,28.26086956521739,91.30434782608695,50.0,35.45652173913044,169.8,2025,4554.0,2024.0,7.3,2024.0,4.2,2024.0,3,51.69006528786011,informative,stable_or_lower_digital_signal,Recent trend slope; Next-month projected change,high
Terengganu | district_or_area | Besut,Terengganu,Besut,Besut,high,2025-12-01,1.0,85,4,2026-01-01,1.0,three_month_mean,1.0,2.0,-50.0,1.5,1.5,0.0,-6.456078283959727e-16,0.0,9.565217391304348,56.95652173913044,37.391304347826086,50.0,35.41304347826087,167.5,2025,5820.0,2024.0,13.1,2024.0,3.5,2024.0,3,52.01901565995526,informative,stable_or_lower_digital_signal,Twelve-month growth; Next-month projected change,high
Kelantan | district_or_area | Tumpat,Kelantan,Tumpat,Tumpat,high,2025-12-01,0.0,85,3,2026-01-01,0.0,three_month_mean,0.0,0.6666666666666666,-66.66666666666666,0.3333333333333333,0.3333333333333333,0.0,-9.15949661999446e-16,0.0,3.4782608695652173,56.95652173913044,36.52173913043478,50.0,33.10869565217391,191.2,2025,3904.0,2024.0,12.7,2024.0,2.5,2024.0,3,63.350682554901155,informative,development_context_monitoring,Twelve-month growth; Next-month projected change,high
Sabah | district_or_area | Lahad Datu,Sabah,Lahad Datu,Lahad Datu,high,2025-12-01,0.0,85,9,2026-01-01,3.6666666666666665,three_month_mean,3.6666666666666665,4.333333333333333,-15.384615384615383,4.333333333333333,5.666666666666667,-23.52941176470589,-2.582033351264124,366.66666666666663,37.391304347826086,6.956521739130435,13.91304347826087,97.82608695652173,32.630434782608695,252.9,2025,5526.0,2024.0,13.6,2024.0,7.5,2024.0,3,60.45381911153723,informative,development_context_monitoring,Next-month projected change; Recent three-month growth,high
Kelantan | district_or_area | Kuala Krai,Kelantan,Kuala Krai,Kuala Krai,high,2025-12-01,0.0,85,8,2026-01-01,0.0,three_month_mean,0.0,0.0,0.0,0.3333333333333333,3.4166666666666665,-90.24390243902438,-5.594405594405595,0.0,66.95652173913044,2.1739130434782608,2.1739130434782608,50.0,32.02173913043478,112.4,2025,2994.0,2024.0,20.2,2024.0,2.1,2024.0,3,74.61740400858329,informative,development_context_monitoring,Recent three-month growth; Next-month projected change,high
Sabah | district_or_area | Tawau,Sabah,Tawau,Tawau,high,2025-12-01,0.0,85,27,2026-01-01,15.333333333333334,three_month_mean,15.333333333333334,25.333333333333332,-39.47368421052631,21.5,22.833333333333332,-5.839416058394155,-3.5778175313059033,1533.3333333333335,12.173913043478262,36.52173913043478,10.434782608695652,97.82608695652173,31.97826086956521,416.4,2025,4852.0,2024.0,13.2,2024.0,7.1,2024.0,3,64.43797653289504,informative,development_context_monitoring,Next-month projected change; Twelve-month growth,high
Terengganu | district_or_area | Setiu,Terengganu,Setiu,Setiu,high,2025-12-01,0.0,85,2,2026-01-01,0.0,three_month_mean,0.0,0.3333333333333333,-33.33333333333333,0.16666666666666666,0.25,-8.333333333333334,-4.57974830999723e-16,0.0,18.26086956521739,30.434782608695656,38.26086956521739,50.0,30.67391304347826,64.9,2025,6125.0,2024.0,4.7,2024.0,3.6,2024.0,3,35.09153997169337,limited_variation,stable_or_lower_digital_signal,Next-month projected change; Recent trend slope,medium
Perak | district_or_area | Kinta,Perak,Kinta,Kinta,high,2025-12-01,3.0,85,4,2026-01-01,1.0,three_month_mean,1.0,1.3333333333333333,-24.999999999999996,0.75,1.0833333333333333,-30.769230769230766,13.636363636363633,-66.66666666666667,25.65217391304348,5.6521739130434785,97.82608695652173,2.1739130434782608,30.565217391304348,927.4,2025,5136.0,2024.0,3.8,2024.0,2.6,2024.0,3,30.271195726612792,informative,stable_or_lower_digital_signal,Recent trend slope; Recent three-month growth,high
Terengganu | district_or_area | Marang,Terengganu,Marang,Marang,high,2025-12-01,1.0,85,4,2026-01-01,1.0,three_month_mean,1.0,1.6666666666666667,-40.0,1.3333333333333333,1.6666666666666667,-20.00000000000001,1.0489510489510472,0.0,11.304347826086957,7.82608695652174,71.30434782608695,50.0,28.065217391304348,128.8,2025,6246.0,2024.0,7.3,2024.0,2.6,2024.0,3,34.48888280144273,informative,stable_or_lower_digital_signal,Recent trend slope; Next-month projected change,high
Kelantan | district_or_area | Jeli,Kelantan,Jeli,Jeli,high,2025-12-01,3.0,85,6,2026-01-01,1.6666666666666667,three_month_mean,1.6666666666666667,4.0,-58.33333333333333,3.1666666666666665,3.0833333333333335,2.702702702702693,-3.7541405962458625,-44.444444444444436,7.82608695652174,73.91304347826086,9.565217391304348,5.6521739130434785,27.67391304347826,58.2,2025,3008.0,2024.0,10.1,2024.0,2.3,2024.0,3,63.88257316349358,informative,development_context_monitoring,Twelve-month growth; Recent trend slope,high
Kelantan | district_or_area | Gua Musang,Kelantan,Gua Musang,Gua Musang,high,2025-12-01,3.0,85,5,2026-01-01,1.6666666666666667,three_month_mean,1.6666666666666667,2.3333333333333335,-28.571428571428573,2.0833333333333335,2.1666666666666665,-3.846153846153833,-2.8531468531468507,-44.444444444444436,23.47826086956522,39.130434782608695,13.043478260869565,5.6521739130434785,23.41304347826087,111.3,2025,3871.0,2024.0,16.3,2024.0,3.3,2024.0,3,75.68575081039127,informative,development_context_monitoring,Twelve-month growth; Recent three-month growth,high
Kedah | district_or_area | Kulim,Kedah,Kulim,Kulim,high,2025-12-01,1.0,85,2,2026-01-01,0.3333333333333333,three_month_mean,0.3333333333333333,1.0,-66.66666666666667,0.6666666666666666,0.6666666666666666,0.0,-1.3986013986013937,-66.66666666666667,3.4782608695652173,56.95652173913044,22.608695652173914,2.1739130434782608,23.152173913043473,354.0,2025,5236.0,2024.0,8.5,2024.0,1.9,2024.0,3,34.75927955074648,limited_variation,stable_or_lower_digital_signal,Twelve-month growth; Recent trend slope,medium
Negeri Sembilan | district_or_area | Tampin,Negeri Sembilan,Tampin,Tampin,high,2025-12-01,1.0,85,3,2026-01-01,1.0,three_month_mean,1.0,1.3333333333333333,-24.999999999999996,1.1666666666666667,1.4166666666666667,-17.64705882352941,-1.7982017982017966,0.0,25.65217391304348,9.565217391304348,17.391304347826086,50.0,22.82608695652174,90.7,2025,4367.0,2024.0,7.0,2024.0,3.0,2024.0,3,49.24599369949322,informative,stable_or_lower_digital_signal,Next-month projected change; Recent three-month growth,high
Sabah | district_or_area | Tenom,Sabah,Tenom,Tenom,high,2025-12-01,0.0,85,2,2026-01-01,0.0,three_month_mean,0.0,0.3333333333333333,-33.33333333333333,0.16666666666666666,0.3333333333333333,-16.666666666666664,-1.3986013986013992,0.0,18.26086956521739,14.347826086956522,21.73913043478261,50.0,22.543478260869566,54.2,2025,4161.0,2024.0,12.1,2024.0,11.1,2024.0,3,74.68486052138977,limited_variation,development_context_monitoring,Next-month projected change; Recent trend slope,medium
Kelantan | district_or_area | Bachok,Kelantan,Bachok,Bachok,high,2025-12-01,0.0,85,7,2026-01-01,0.6666666666666666,three_month_mean,0.6666666666666666,3.0,-77.77777777777779,1.75,3.1666666666666665,-44.73684210526316,-0.999000999001001,66.66666666666666,3.4782608695652173,2.1739130434782608,26.956521739130434,93.04347826086956,21.217391304347824,167.6,2025,4187.0,2024.0,11.3,2024.0,3.2,2024.0,3,61.391019495046336,informative,development_context_monitoring,Next-month projected change; Recent trend slope,high
Kelantan | district_or_area | Pasir Puteh,Kelantan,Pasir Puteh,Pasir Puteh,high,2025-12-01,3.0,85,7,2026-01-01,1.0,three_month_mean,1.0,3.6666666666666665,-72.72727272727272,2.8333333333333335,2.8333333333333335,0.0,-7.404360345536815,-66.66666666666667,3.4782608695652173,56.95652173913044,2.1739130434782608,2.1739130434782608,19.065217391304344,144.7,2025,4853.0,2024.0,11.1,2024.0,3.0,2024.0,3,51.18476920969731,informative,stable_or_lower_digital_signal,Twelve-month growth; Recent three-month growth,high
Sarawak | district_or_area | Lawas,Sarawak,Lawas,Lawas,high,2025-12-01,1.0,76,2,2026-01-01,0.3333333333333333,three_month_mean,0.3333333333333333,0.6666666666666666,-33.33333333333333,0.5,0.6666666666666666,-16.666666666666664,-0.6993006993007006,-66.66666666666667,18.26086956521739,14.347826086956522,29.565217391304348,2.1739130434782608,16.934782608695652,38.4,2025,3929.0,2024.0,14.6,2024.0,4.6,2024.0,3,75.9439346208282,limited_variation,development_context_monitoring,Recent trend slope; Recent three-month growth,medium
Perak | district_or_area | Kampar,Perak,Kampar,Kampar,high,2025-12-01,6.0,85,14,2026-01-01,5.666666666666667,three_month_mean,5.666666666666667,9.333333333333334,-39.285714285714285,7.083333333333333,8.5,-16.666666666666668,-0.7404360345536788,-5.55555555555555,13.043478260869565,11.73913043478261,28.695652173913043,19.130434782608695,16.695652173913043,98.8,2025,4538.0,2024.0,4.5,2024.0,4.4,2024.0,3,46.79884034150573,informative,stable_or_lower_digital_signal,Recent trend slope; Next-month projected change,high
Pahang | district_or_area | Maran,Pahang,Maran,Maran,high,2025-12-01,0.0,85,2,2026-01-01,0.0,three_month_mean,0.0,0.6666666666666666,-66.66666666666666,0.4166666666666667,0.5833333333333334,-16.666666666666668,-5.944055944055942,0.0,3.4782608695652173,11.73913043478261,2.1739130434782608,50.0,12.673913043478262,119.9,2025,4470.0,2024.0,7.9,2024.0,1.8,2024.0,3,40.80696708213487,limited_variation,stable_or_lower_digital_signal,Next-month projected change; Twelve-month growth,medium
Kelantan | district_or_area | Pasir Mas,Kelantan,Pasir Mas,Pasir Mas,high,2025-12-01,0.0,85,4,2026-01-01,0.0,three_month_mean,0.0,0.6666666666666666,-66.66666666666666,0.5,1.0,-50.0,-7.69230769230769,0.0,3.4782608695652173,2.1739130434782608,2.1739130434782608,50.0,9.804347826086957,242.7,2025,3591.0,2024.0,8.6,2024.0,3.8,2024.0,3,66.17312696890836,informative,development_context_monitoring,Next-month projected change; Recent three-month growth,high
Kedah | district_or_area | Bandar Baharu,Kedah,Bandar Baharu,Bandar Baharu,high,2025-12-01,0.0,85,1,2026-01-01,0.0,three_month_mean_insufficient_signal,0.0,0.0,0.0,0.0,0.0,0.0,0.0,0.0,,,,,,45.6,2025,4310.0,2024.0,5.8,2024.0,2.5,2024.0,3,43.21462813313245,insufficient_variation,insufficient_digital_variation,Limited search-index variation,low
Kedah | district_or_area | Kuala Muda,Kedah,Kuala Muda,Kuala Muda,high,2025-12-01,0.0,85,1,2026-01-01,0.0,three_month_mean_insufficient_signal,0.0,0.0,0.0,0.0,0.0,0.0,0.0,0.0,,,,,,574.7,2025,4953.0,2024.0,11.8,2024.0,2.2,2024.0,3,45.135483723690825,insufficient_variation,insufficient_digital_variation,Limited search-index variation,low
Kedah | district_or_area | Kubang Pasu,Kedah,Kubang Pasu,Kubang Pasu,high,2025-12-01,0.0,85,1,2026-01-01,0.0,three_month_mean_insufficient_signal,0.0,0.0,0.0,0.0,0.0,0.0,0.0,0.0,,,,,,254.2,2025,5312.0,2024.0,4.0,2024.0,2.4,2024.0,3,27.631945395607907,insufficient_variation,insufficient_digital_variation,Limited search-index variation,low
Kedah | district_or_area | Padang Terap,Kedah,Padang Terap,Padang Terap,high,2025-12-01,0.0,85,1,2026-01-01,0.0,three_month_mean_insufficient_signal,0.0,0.0,0.0,0.0,0.0,0.0,0.0,0.0,,,,,,67.9,2025,3954.0,2024.0,8.0,2024.0,2.5,2024.0,3,54.47313153449299,insufficient_variation,insufficient_digital_variation,Limited search-index variation,low
Kedah | district_or_area | Pokok Sena,Kedah,Pokok Sena,Pokok Sena,high,2025-12-01,0.0,85,1,2026-01-01,0.0,three_month_mean_insufficient_signal,0.0,0.0,0.0,0.0,0.0,0.0,0.0,0.0,,,,,,51.2,2025,5163.0,2024.0,7.2,2024.0,2.5,2024.0,3,36.99013833721408,insufficient_variation,insufficient_digital_variation,Limited search-index variation,low
Kelantan | district_or_area | Kecil Lojing,Kelantan,Kecil Lojing,Kecil Lojing,high,2025-12-01,0.0,85,1,2026-01-01,0.0,three_month_mean_insufficient_signal,0.0,0.0,0.0,0.0,0.0,0.0,0.0,0.0,,,,,,11.7,2025,3385.0,2024.0,20.0,2024.0,5.6,2024.0,3,85.68757704424053,insufficient_variation,insufficient_digital_variation,Limited search-index variation,low
Melaka | district_or_area | Melaka Tengah,Melaka,Melaka Tengah,Melaka Tengah,high,2025-12-01,0.0,85,1,2026-01-01,0.0,three_month_mean_insufficient_signal,0.0,0.0,0.0,0.0,0.0,0.0,0.0,0.0,,,,,,633.3,2025,7415.0,2024.0,2.8,2024.0,1.4,2024.0,3,10.043030635072821,insufficient_variation,insufficient_digital_variation,Limited search-index variation,low
Perak | district_or_area | Batang Padang,Perak,Batang Padang,Batang Padang,high,2025-12-01,0.0,85,1,2026-01-01,0.0,three_month_mean_insufficient_signal,0.0,0.0,0.0,0.0,0.0,0.0,0.0,0.0,,,,,,127.0,2025,4339.0,2024.0,11.5,2024.0,5.9,2024.0,3,66.76688124914395,insufficient_variation,insufficient_digital_variation,Limited search-index variation,low
Perak | district_or_area | Hilir Perak,Perak,Hilir Perak,Hilir Perak,high,2025-12-01,0.0,85,1,2026-01-01,0.0,three_month_mean_insufficient_signal,0.0,0.0,0.0,0.0,0.0,0.0,0.0,0.0,,,,,,141.8,2025,4347.0,2024.0,12.3,2024.0,7.4,2024.0,3,69.16358489704606,insufficient_variation,insufficient_digital_variation,Limited search-index variation,low
Perak | district_or_area | Hulu Perak,Perak,Hulu Perak,Hulu Perak,high,2025-12-01,0.0,85,1,2026-01-01,0.0,three_month_mean_insufficient_signal,0.0,0.0,0.0,0.0,0.0,0.0,0.0,0.0,,,,,,98.5,2025,3701.0,2024.0,13.3,2024.0,5.4,2024.0,3,77.69666255764051,insufficient_variation,insufficient_digital_variation,Limited search-index variation,low
Perak | district_or_area | Larut Dan Matang,Perak,Larut Dan Matang,Larut Dan Matang,high,2025-12-01,0.0,85,1,2026-01-01,0.0,three_month_mean_insufficient_signal,0.0,0.0,0.0,0.0,0.0,0.0,0.0,0.0,,,,,,278.3,2025,4029.0,2022.0,9.2,2022.0,,,2,62.49433106575964,insufficient_variation,insufficient_digital_variation,Limited search-index variation,low
Perak | district_or_area | Muallim,Perak,Muallim,Muallim,high,2025-12-01,0.0,85,1,2026-01-01,0.0,three_month_mean_insufficient_signal,0.0,0.0,0.0,0.0,0.0,0.0,0.0,0.0,,,,,,79.6,2025,4856.0,2024.0,7.7,2024.0,4.0,2024.0,3,49.059717846870285,insufficient_variation,insufficient_digital_variation,Limited search-index variation,low
Perak | district_or_area | Perak Tengah,Perak,Perak Tengah,Perak Tengah,high,2025-12-01,0.0,85,1,2026-01-01,0.0,three_month_mean_insufficient_signal,0.0,0.0,0.0,0.0,0.0,0.0,0.0,0.0,,,,,,99.2,2025,4685.0,2024.0,10.2,2024.0,3.8,2024.0,3,54.880609962105645,insufficient_variation,insufficient_digital_variation,Limited search-index variation,low
Pulau Pinang | district_or_area | Barat Daya,Pulau Pinang,Barat Daya,Barat Daya,high,2025-12-01,0.0,85,1,2026-01-01,0.0,three_month_mean_insufficient_signal,0.0,0.0,0.0,0.0,0.0,0.0,0.0,0.0,,,,,,249.7,2025,8919.0,2024.0,0.4,2024.0,0.9,2024.0,3,2.509017029630644,insufficient_variation,insufficient_digital_variation,Limited search-index variation,low
Pulau Pinang | district_or_area | Seberang Perai Selatan,Pulau Pinang,Seberang Perai Selatan,Seberang Perai Selatan,high,2025-12-01,0.0,85,1,2026-01-01,0.0,three_month_mean_insufficient_signal,0.0,0.0,0.0,0.0,0.0,0.0,0.0,0.0,,,,,,186.8,2023,,,,,3.3,2023.0,1,,insufficient_variation,insufficient_digital_variation,Limited search-index variation,low
Pulau Pinang | district_or_area | Seberang Perai Tengah,Pulau Pinang,Seberang Perai Tengah,Seberang Perai Tengah,high,2025-12-01,0.0,85,1,2026-01-01,0.0,three_month_mean_insufficient_signal,0.0,0.0,0.0,0.0,0.0,0.0,0.0,0.0,,,,,,433.5,2023,,,,,2.1,2023.0,1,,insufficient_variation,insufficient_digital_variation,Limited search-index variation,low
Pulau Pinang | district_or_area | Seberang Perai Utara,Pulau Pinang,Seberang Perai Utara,Seberang Perai Utara,high,2025-12-01,0.0,85,1,2026-01-01,0.0,three_month_mean_insufficient_signal,0.0,0.0,0.0,0.0,0.0,0.0,0.0,0.0,,,,,,346.6,2023,,,,,3.0,2023.0,1,,insufficient_variation,insufficient_digital_variation,Limited search-index variation,low
Pulau Pinang | district_or_area | Timur Laut,Pulau Pinang,Timur Laut,Timur Laut,high,2025-12-01,0.0,85,1,2026-01-01,0.0,three_month_mean_insufficient_signal,0.0,0.0,0.0,0.0,0.0,0.0,0.0,0.0,,,,,,565.9,2025,7745.0,2024.0,0.4,2024.0,1.8,2024.0,3,6.895402456284527,insufficient_variation,insufficient_digital_variation,Limited search-index variation,low
Sabah | district_or_area | Nabawan,Sabah,Nabawan,Nabawan,high,2025-12-01,0.0,85,1,2026-01-01,0.0,three_month_mean_insufficient_signal,0.0,0.0,0.0,0.0,0.0,0.0,0.0,0.0,,,,,,31.1,2025,4361.0,2024.0,25.4,2024.0,10.7,2024.0,3,81.11343194996118,insufficient_variation,insufficient_digital_variation,Limited search-index variation,low
Sabah | district_or_area | Pitas,Sabah,Pitas,Pitas,high,2025-12-01,0.0,85,1,2026-01-01,0.0,three_month_mean_insufficient_signal,0.0,0.0,0.0,0.0,0.0,0.0,0.0,0.0,,,,,,39.0,2025,2785.0,2024.0,50.0,2024.0,9.6,2024.0,3,97.49098297036934,insufficient_variation,insufficient_digital_variation,Limited search-index variation,low
Sabah | district_or_area | Tongod,Sabah,Tongod,Tongod,high,2025-12-01,0.0,85,1,2026-01-01,0.0,three_month_mean_insufficient_signal,0.0,0.0,0.0,0.0,0.0,0.0,0.0,0.0,,,,,,43.7,2025,3470.0,2024.0,41.5,2024.0,9.7,2024.0,3,94.15764963703603,insufficient_variation,insufficient_digital_variation,Limited search-index variation,low
Sarawak | district_or_area | Beluru,Sarawak,Beluru,Beluru,high,2025-12-01,0.0,84,1,2026-01-01,0.0,three_month_mean_insufficient_signal,0.0,0.0,0.0,0.0,0.0,0.0,0.0,0.0,,,,,,26.9,2025,4346.0,2024.0,10.1,2024.0,1.6,2024.0,3,45.564420399032095,insufficient_variation,insufficient_digital_variation,Limited search-index variation,low
Sarawak | district_or_area | Julau,Sarawak,Julau,Julau,high,2025-12-01,0.0,84,1,2026-01-01,0.0,three_month_mean_insufficient_signal,0.0,0.0,0.0,0.0,0.0,0.0,0.0,0.0,,,,,,15.7,2025,3264.0,2024.0,26.6,2024.0,3.0,2024.0,3,83.05551750901702,insufficient_variation,insufficient_digital_variation,Limited search-index variation,low
Sarawak | district_or_area | Kanowit,Sarawak,Kanowit,Kanowit,high,2025-12-01,0.0,84,1,2026-01-01,0.0,three_month_mean_insufficient_signal,0.0,0.0,0.0,0.0,0.0,0.0,0.0,0.0,,,,,,25.1,2025,3511.0,2024.0,21.8,2024.0,5.3,2024.0,3,84.73976167648267,insufficient_variation,insufficient_digital_variation,Limited search-index variation,low
Sarawak | district_or_area | Lubok Antu,Sarawak,Lubok Antu,Lubok Antu,high,2025-12-01,0.0,84,1,2026-01-01,0.0,three_month_mean_insufficient_signal,0.0,0.0,0.0,0.0,0.0,0.0,0.0,0.0,,,,,,24.6,2025,4169.0,2024.0,13.0,2024.0,2.1,2024.0,3,57.015363192256764,insufficient_variation,insufficient_digital_variation,Limited search-index variation,low
Sarawak | district_or_area | Maradong,Sarawak,Maradong,Maradong,high,2025-12-01,0.0,84,1,2026-01-01,0.0,three_month_mean_insufficient_signal,0.0,0.0,0.0,0.0,0.0,0.0,0.0,0.0,,,,,,20.9,2025,3472.0,2024.0,16.9,2024.0,5.1,2024.0,3,83.1774186184541,insufficient_variation,insufficient_digital_variation,Limited search-index variation,low
Sarawak | district_or_area | Matu,Sarawak,Matu,Matu,high,2025-12-01,0.0,84,1,2026-01-01,0.0,three_month_mean_insufficient_signal,0.0,0.0,0.0,0.0,0.0,0.0,0.0,0.0,,,,,,16.6,2025,3891.0,2024.0,9.1,2024.0,2.5,2024.0,3,57.330274391635854,insufficient_variation,insufficient_digital_variation,Limited search-index variation,low
Sarawak | district_or_area | Pakan,Sarawak,Pakan,Pakan,high,2025-12-01,0.0,84,1,2026-01-01,0.0,three_month_mean_insufficient_signal,0.0,0.0,0.0,0.0,0.0,0.0,0.0,0.0,,,,,,15.7,2025,3742.0,2024.0,14.5,2024.0,1.6,2024.0,3,61.5848285622974,insufficient_variation,insufficient_digital_variation,Limited search-index variation,low
Sarawak | district_or_area | Saratok,Sarawak,Saratok,Saratok,high,2025-12-01,0.0,84,1,2026-01-01,0.0,three_month_mean_insufficient_signal,0.0,0.0,0.0,0.0,0.0,0.0,0.0,0.0,,,,,,23.5,2025,3418.0,2024.0,5.0,2024.0,3.1,2024.0,3,56.8899237547368,insufficient_variation,insufficient_digital_variation,Limited search-index variation,low
Sarawak | district_or_area | Sebauh,Sarawak,Sebauh,Sebauh,high,2025-12-01,0.0,84,1,2026-01-01,0.0,three_month_mean_insufficient_signal,0.0,0.0,0.0,0.0,0.0,0.0,0.0,0.0,,,,,,31.5,2025,4636.0,2024.0,2.9,2024.0,1.4,2024.0,3,23.070241519426563,insufficient_variation,insufficient_digital_variation,Limited search-index variation,low
Sarawak | district_or_area | Simunjan,Sarawak,Simunjan,Simunjan,high,2025-12-01,0.0,84,1,2026-01-01,0.0,three_month_mean_insufficient_signal,0.0,0.0,0.0,0.0,0.0,0.0,0.0,0.0,,,,,,37.3,2025,3365.0,2024.0,14.9,2024.0,4.2,2024.0,3,81.14584760078529,insufficient_variation,insufficient_digital_variation,Limited search-index variation,low
Sarawak | district_or_area | Subis,Sarawak,Subis,Subis,high,2025-12-01,0.0,84,1,2026-01-01,0.0,three_month_mean_insufficient_signal,0.0,0.0,0.0,0.0,0.0,0.0,0.0,0.0,,,,,,55.6,2025,5531.0,2024.0,2.4,2024.0,1.5,2024.0,3,15.403483541067434,insufficient_variation,insufficient_digital_variation,Limited search-index variation,low
Sarawak | district_or_area | Tebedu,Sarawak,Tebedu,Tebedu,high,2025-12-01,0.0,84,1,2026-01-01,0.0,three_month_mean_insufficient_signal,0.0,0.0,0.0,0.0,0.0,0.0,0.0,0.0,,,,,,25.9,2025,3024.0,2024.0,25.8,2024.0,6.1,2024.0,3,91.45505181938546,insufficient_variation,insufficient_digital_variation,Limited search-index variation,low
Terengganu | district_or_area | Hulu Terengganu,Terengganu,Hulu Terengganu,Hulu Terengganu,high,2025-12-01,0.0,85,1,2026-01-01,0.0,three_month_mean_insufficient_signal,0.0,0.0,0.0,0.0,0.0,0.0,0.0,0.0,,,,,,74.8,2025,5090.0,2022.0,10.8,2022.0,3.3,2024.0,3,50.41364196685386,insufficient_variation,insufficient_digital_variation,Limited search-index variation,low
Terengganu | district_or_area | Kuala Nerus,Terengganu,Kuala Nerus,Kuala Nerus,high,2025-12-01,0.0,85,1,2026-01-01,0.0,three_month_mean_insufficient_signal,0.0,0.0,0.0,0.0,0.0,0.0,0.0,0.0,,,,,,157.5,2025,7304.0,2024.0,1.6,2024.0,3.3,2024.0,3,21.400036524676985,insufficient_variation,insufficient_digital_variation,Limited search-index variation,low
