state,year,domestic_visitors_000,tourism_receipts_rm_million,tourism_trips_000,tourism_growth_pct,spending_per_visitor_rm,trips_per_visitor,tourism_intensity,tourism_value_growth_pct,local_prosperity_context,income_mean,income_median,expenditure_mean,gini,poverty,google_search_interest,search_interest_growth_pct,digital_interest_trend,emerging_viral_destination,opportunity_pattern,pressure_pattern,average_length_of_stay,population_000,avg_receipts_per_trip_rm,tourism_receipts_rm,domestic_visitors
Johor,2019,14274.3642667527,7409.67789125131,19135.5102140974,5.83608267248652,519.089869978284,1.3405507843643234,3.795162253204482,10.1579642985956,not_available,,,,,,71.58333333333333,-14.781746031746035,decreasing,not_flagged,monitor,no_pressure_signal,2.54156533635858,3761.2,387.221339193376,7409677891.25131,14274364.2667527
Johor,2020,7242.508,2431.61988775028,7915.18,-49.2621326970829,335.742796245483,1.0928783233653314,1.8062468513853904,-67.183190370241,not_available,,,,,,72.41666666666667,1.1641443538998968,stable,not_flagged,monitor,no_pressure_signal,1.85128755704271,4009.7,307.209676564561,2431619887.7502804,7242508.0
Johor,2021,3657.55,1251.84930290302,3797.419,-49.4988476367579,342.264440104173,1.0382411723694822,0.9098383084577116,-48.5178868124317,not_available,,,,,,67.25,-7.134637514384357,decreasing,not_flagged,monitor,no_pressure_signal,2.06019814260457,4020.0,329.657934218747,1251849302.90302,3657550.0
Johor,2022,12376.202,4888.35148006201,12964.945,238.374102883077,394.97993649926,1.0475705713271326,3.0723138793039246,290.490410365369,moderate_context,7403.7,6019.5,4718.3,0.3535,5.96,85.58333333333333,27.26146220570012,strongly_increasing,potential_emerging_digital_destination,emerging_opportunity,no_pressure_signal,2.33780774616398,4028.3,377.043749901138,4888351480.06201,12376202.0
Johor,2023,15804.89,6699.11884569231,16493.661,27.7038787828447,423.863680524971,1.043579613651218,3.848093591741333,37.0424952668774,not_available,,,,,,75.5,-11.781888997078866,decreasing,not_flagged,monitor,no_pressure_signal,2.17607397828371,4107.2,406.163243302521,6699118845.69231,15804890.0
Johor,2024,17138.338,7814.41585763373,19203.875,8.43693312639315,455.961123980268,1.1205214297909167,4.095769524902018,16.6484135844012,moderate_context,8129.7,6855.9,5208.2,0.3164,3.22,68.16666666666667,-9.7130242825607,decreasing,not_flagged,monitor,no_pressure_signal,2.54702302372368,4184.4,406.918700399463,7814415857.63373,17138338.0
Johor,2025,18196.973,8722.92495205821,21246.6601716389,6.17699919327068,479.361317514633,1.16759310307483,4.328387288599225,11.6260653512185,not_available,,,,,,68.58333333333333,0.6112469437652672,stable,not_flagged,positive_momentum,no_pressure_signal,2.67977442484637,4204.1,410.555112266633,8722924952.05821,18196973.0
Kedah,2019,14831.1555133218,5208.13192969844,19500.3707313011,2.42497701428575,351.16157503846,1.3148247763827483,6.823000190146663,10.2376026405955,not_available,,,,,,48.91666666666666,-7.704402515723274,decreasing,not_flagged,monitor,no_pressure_signal,2.30549889208375,2173.7,267.078611040896,5208131929.698441,14831155.5133218
Kedah,2020,10108.084,2272.69214593496,10362.011,-31.8456071010744,224.839064053579,1.0251211802355422,4.742462231397204,-56.3626233626045,not_available,,,,,,58.66666666666666,19.931856899488928,strongly_increasing,not_flagged,monitor,no_pressure_signal,1.97006129028332,2131.4,219.32925432476,2272692145.93496,10108084.0
Kedah,2021,4023.002,842.205404074748,4240.773,-60.2001526698828,209.347498230115,1.0541314669990225,1.869685365060185,-62.942389466116,not_available,,,,,,58.66666666666666,0.0,stable,not_flagged,monitor,no_pressure_signal,1.96227888195383,2151.7,198.597143510098,842205404.074748,4023002.0
Kedah,2022,11186.197,3469.82268561478,11894.479,178.055964177994,310.187875791458,1.0633174974479709,5.171373029448477,311.992450870907,moderate_context,5281.916666666667,4281.333333333333,3598.333333333333,0.3318333333333333,7.583333333333333,63.5,8.238636363636367,increasing,not_flagged,positive_momentum,no_pressure_signal,2.1120801053992,2163.1,291.717080303793,3469822685.61478,11186197.0
Kedah,2023,13444.055,4206.61948328264,13687.381,20.1843218030221,312.898116177198,1.0180991523762732,6.1408007125565245,21.2344221715559,not_available,,,,,,60.0,-5.511811023622047,decreasing,not_flagged,monitor,no_pressure_signal,2.02721858973257,2189.3,307.335602280863,4206619483.282641,13444055.0
Kedah,2024,14651.4879543306,4961.15023607227,15984.149,8.98116642880886,338.610675689487,1.0909573860227282,6.6084019459341485,17.9367483982847,moderate_context,5547.5,4692.583333333333,3906.3333333333335,0.321,7.908333333333334,47.75,-20.416666666666668,strongly_decreasing,not_flagged,monitor,no_pressure_signal,2.76758567052739,2217.1,310.379378725278,4961150236.072269,14651487.9543306
Kedah,2025,15607.884,5520.25004061484,17650.0664675874,6.52763766144799,353.683435923463,1.1308430064951405,7.008164878092587,11.2695600402782,not_available,,,,,,48.41666666666666,1.3961605584642185,stable,not_flagged,positive_momentum,no_pressure_signal,2.8191254738061,2227.1,312.760864144746,5520250040.6148405,15607884.0
Kelantan,2019,10985.6520100096,4800.04103126423,15911.2787640876,11.5733728270763,436.937291194975,1.4483690862945595,5.831644553567045,19.9591838148889,not_available,,,,,,46.66666666666666,6.060606060606055,increasing,not_flagged,positive_momentum,no_pressure_signal,3.00996244733286,1883.8,301.675377726278,4800041031.26423,10985652.0100096
Kelantan,2020,6058.183,1555.12261713697,6568.194,-44.8536782843652,256.697860915884,1.084185472772942,3.379739470013947,-67.6018890878651,not_available,,,,,,58.0,24.28571428571429,strongly_increasing,not_flagged,monitor,no_pressure_signal,1.85860052110295,1792.5,236.765634074902,1555122617.1369698,6058183.0
Kelantan,2021,1920.93,477.222127559975,1971.69,-68.291977974254,248.432856772488,1.026424700535678,1.0599404072173482,-69.312893896524,not_available,,,,,,57.75,-0.4310344827586206,stable,not_flagged,monitor,no_pressure_signal,3.13854552971283,1812.3,242.037098915131,477222127.55997497,1920930.0
Kelantan,2022,6627.155,2586.22406280686,8783.75,244.997214890704,390.246502881984,1.3254179206612793,3.6202092210204304,441.932972812925,higher_need,4443.818181818182,3338.7272727272725,3291.5454545454545,0.3754545454545454,16.990909090909092,71.75,24.24242424242424,strongly_increasing,not_flagged,emerging_opportunity,no_pressure_signal,3.15837090332652,1830.6,294.432794968762,2586224062.80686,6627155.0
Kelantan,2023,7549.37,3228.385093431,9299.793,13.9156998742296,427.636358190286,1.2318634535067163,4.059237552424992,24.830061704986,not_available,,,,,,72.33333333333333,0.8130081300812941,stable,not_flagged,positive_momentum,no_pressure_signal,3.07348440786154,1859.8,347.145908885391,3228385093.431,7549370.0
Kelantan,2024,10514.411,4540.61133613717,12463.79,39.2753435054846,431.846475864142,1.1854006848315135,5.569368610625562,40.6465215496206,higher_need,4765.454545454545,3846.909090909091,3551.454545454545,0.3256363636363636,12.945454545454544,58.583333333333336,-19.009216589861744,strongly_decreasing,not_flagged,monitor,no_pressure_signal,2.98185888956928,1887.9,364.304223365218,4540611336.13717,10514411.0
Kelantan,2025,12062.016,5239.00827617872,13710.6658612469,14.7188939066582,434.339357216797,1.1366811204069784,6.325458073312706,15.3811213587749,not_available,,,,,,54.5,-6.970128022759606,decreasing,not_flagged,monitor,no_pressure_signal,2.97778806075638,1906.9,382.111877657725,5239008276.17872,12062016.0
Melaka,2019,13978.9741697121,6369.89280746409,24042.6304047684,6.52591509698714,455.67669917193,1.719913787154781,15.057059639931174,14.493599565688,not_available,,,,,,62.66666666666666,-19.65811965811966,strongly_decreasing,not_flagged,monitor,high_intensity_monitor,2.28966405974747,928.4,264.941593337505,6369892807.464089,13978974.1697121
Melaka,2020,7274.547,2372.6250612483,9964.031,-47.960795179366,326.154338029337,1.3697115435504097,7.286204927884615,-62.7525119658511,not_available,,,,,,56.0,-10.638297872340424,decreasing,not_flagged,monitor,no_pressure_signal,1.80179499171813,998.4,238.118996342775,2372625061.2483,7274547.0
Melaka,2021,3878.14,1004.11271080667,4364.264,-46.6889141000807,258.916055327211,1.1253497810806212,3.860766550522648,-57.6792504131108,not_available,,,,,,46.25,-17.410714285714285,strongly_decreasing,not_flagged,monitor,no_pressure_signal,1.8643007203704,1004.5,230.076070285086,1004112710.80667,3878140.0
Melaka,2022,11757.166,4842.59364655733,16667.987,203.165073978763,411.884432571364,1.4176874767269596,11.656916517945666,382.275903336285,moderate_context,7657.666666666667,6021.0,5452.666666666667,0.3526666666666667,4.666666666666667,69.75,50.810810810810814,strongly_increasing,potential_emerging_digital_destination,positive_momentum,possible_pressure,2.13841463522688,1008.6,290.532602800646,4842593646.55733,11757166.0
Melaka,2023,15558.661,6438.41105660879,20093.758,32.3334296717423,413.81524133785,1.2914837594314834,15.13046873480502,32.9537749091533,not_available,,,,,,60.0,-13.978494623655912,decreasing,not_flagged,monitor,high_intensity_monitor,2.23400775634919,1028.3,320.418463117192,6438411056.60879,15558661.0
Melaka,2024,19128.405,7933.20647467174,24174.131,22.9437738890255,414.734342705089,1.2637818469443742,18.274964173115503,23.216837274293,moderate_context,8280.666666666666,6708.0,5975.333333333333,0.3326666666666666,2.8000000000000003,59.66666666666666,-0.5555555555555595,stable,not_flagged,monitor,high_intensity_monitor,2.13441079422518,1046.7,328.169251447828,7933206474.67174,19128405.0
Melaka,2025,20832.201530282,8732.39649344146,26436.4441561187,8.90715420486967,419.177804167644,1.2690182608732106,19.802472937530418,10.0739848549421,not_available,,,,,,54.41666666666666,-8.798882681564246,decreasing,not_flagged,monitor,high_intensity_monitor,2.11048007597558,1052.0,330.316605435771,8732396493.44146,20832201.530282
Negeri Sembilan,2019,13303.0418435376,5071.03036849894,19414.2056502318,3.91281272360908,381.193296100347,1.4593809354710032,11.812326268458175,4.98921414600528,not_available,,,,,,48.333333333333336,-3.3333333333333286,stable,not_flagged,monitor,high_intensity_monitor,2.45685046526145,1126.2,261.20205275761,5071030368.49894,13303041.8435376
Negeri Sembilan,2020,7917.736,2232.9800948256,9567.142,-40.4817627943769,282.022549732096,1.2083178827887164,6.598113333333333,-55.9659490762116,not_available,,,,,,63.41666666666666,31.206896551724128,strongly_increasing,potential_emerging_digital_destination,monitor,no_pressure_signal,1.89511215363317,1200.0,233.400956610198,2232980094.8256,7917736.0
Negeri Sembilan,2021,5485.17,1213.38512045771,6554.829,-30.7229996049376,221.211944289368,1.1950092704510524,4.555032386646737,-45.6607283123821,not_available,,,,,,70.0,10.381077529566364,increasing,not_flagged,monitor,no_pressure_signal,1.72219303562174,1204.2,185.113161679384,1213385120.45771,5485170.0
Negeri Sembilan,2022,11490.144,3651.3406055165,14278.615,109.476533999858,317.780230214391,1.2426837296382012,9.51249606755526,200.921821436145,moderate_context,5485.285714285715,4399.0,4000.571428571429,0.3418571428571428,5.757142857142857,72.0,2.857142857142857,stable,not_flagged,positive_momentum,no_pressure_signal,2.4775740593211,1207.9,255.72092289879,3651340605.5165,11490144.0
Negeri Sembilan,2023,14959.47,4777.28125500884,17800.523,30.1939296844322,319.348296096643,1.1899166882249173,12.212809208915012,30.8363631645662,not_available,,,,,,63.66666666666666,-11.574074074074076,decreasing,not_flagged,monitor,high_intensity_monitor,2.41840105295885,1224.9,268.378701850998,4777281255.008841,14959470.0
Negeri Sembilan,2024,17784.532,5869.462129308,21816.55,18.8847733241886,330.031857420145,1.2267148778500327,14.348150060508267,22.8619755881871,moderate_context,5920.285714285715,4725.0,4370.285714285715,0.3401428571428572,5.214285714285714,56.16666666666666,-11.780104712041885,decreasing,not_flagged,monitor,high_intensity_monitor,2.25257557638478,1239.5,269.037135995746,5869462129.308,17784532.0
Negeri Sembilan,2025,19356.545,6529.26193925348,24064.3142989688,8.83921488628432,337.315463025735,1.2432133058337012,15.561174531714766,11.2412312305569,not_available,,,,,,58.083333333333336,3.4124629080118782,stable,not_flagged,positive_momentum,possible_pressure,2.29491785206345,1243.9,271.325492932631,6529261939.25348,19356545.0
Pahang,2019,18497.5783549097,7600.74634258733,22744.9498261507,2.13248398575252,410.904941001096,1.2296177039906224,11.067116402363109,2.64575118492816,not_available,,,,,,60.5,16.346153846153847,strongly_increasing,not_flagged,positive_momentum,possible_pressure,2.48526051771162,1671.4,334.172921931376,7600746342.58733,18497578.3549097
Pahang,2020,9905.002,2748.04988629641,10380.441,-46.4524392871623,277.440619022228,1.047999889348836,6.224471815496764,-63.8449993930338,not_available,,,,,,66.91666666666667,10.606060606060613,increasing,not_flagged,monitor,no_pressure_signal,1.92726887226897,1591.3,264.733443048942,2748049886.29641,9905002.0
Pahang,2021,3404.772,914.378229522129,3504.979,-65.6257313224167,268.557844555268,1.0294313393084764,2.125989384951608,-66.7262870997422,not_available,,,,,,59.333333333333336,-11.332503113325034,decreasing,not_flagged,monitor,no_pressure_signal,1.92173287260011,1601.5,260.879802567185,914378229.522129,3404772.0
Pahang,2022,13188.959,5316.78906097375,14993.999,287.366878017089,403.124239067977,1.1368599295820083,8.170079291333705,481.464965953138,moderate_context,5306.636363636364,4434.363636363636,3879.181818181818,0.2832727272727273,6.945454545454546,61.75,4.073033707865164,stable,not_flagged,positive_momentum,no_pressure_signal,2.10555957854831,1614.3,354.594465490744,5316789060.97375,13188959.0
Pahang,2023,16455.567,6733.34364809185,17632.756,24.7677470223389,409.183326718055,1.0715374316788964,10.014342137293086,26.6430465996081,not_available,,,,,,55.41666666666666,-10.25641025641026,decreasing,not_flagged,monitor,high_intensity_monitor,2.12715370546925,1643.2,381.865639613674,6733343648.09185,16455567.0
Pahang,2024,20173.876,8709.75913589491,22665.013,22.5960551830271,431.734543024598,1.123483310792631,12.096825568147748,29.3526602992134,moderate_context,5704.545454545455,4717.909090909091,4156.181818181818,0.2996363636363636,6.754545454545454,49.91666666666666,-9.92481203007519,decreasing,not_flagged,monitor,high_intensity_monitor,2.16717969419742,1667.7,384.28211516556,8709759135.89491,20173876.0
Pahang,2025,23161.166,9846.76892463924,25285.2635929909,14.8077146900278,425.141330304322,1.0917094412686692,13.812718272900764,13.054434353511,not_available,,,,,,52.25,4.674457429048419,stable,not_flagged,positive_momentum,possible_pressure,2.20889169822045,1676.8,389.4271811099,9846768924.63924,23161166.0
Perak,2019,21070.7209104421,7824.05505390701,28471.2873970551,20.0394656170629,371.323557801462,1.3512251203016727,8.398724852695352,20.9561938304968,not_available,,,,,,62.5,-6.7164179104477615,decreasing,not_flagged,monitor,no_pressure_signal,2.20883049475721,2508.8,274.805102586134,7824055053.90701,21070720.910442103
Perak,2020,13173.306,3317.0693364196,14045.532,-37.4805159444181,251.802344561008,1.0662116252366718,5.277766826923077,-57.6042178440041,not_available,,,,,,75.83333333333333,21.333333333333325,strongly_increasing,not_flagged,monitor,no_pressure_signal,1.8485066338042,2496.0,236.16544652204,3317069336.4196,13173306.0
Perak,2021,4489.273,1159.53265234848,4674.011,-65.9214399179674,258.289627819131,1.0411509836893411,1.7844315923364336,-65.0434605144533,not_available,,,,,,72.66666666666667,-4.175824175824164,stable,not_flagged,monitor,no_pressure_signal,2.29350409312326,2515.8,248.080856538094,1159532652.34848,4489273.0
Perak,2022,14566.727,4541.33101270089,17679.702,224.478529151602,311.760563145097,1.2137044924367704,5.793321269487751,291.651843827168,moderate_context,5424.153846153846,4254.153846153846,3605.769230769231,0.3620769230769231,9.661538461538465,76.41666666666667,5.160550458715596,increasing,not_flagged,positive_momentum,no_pressure_signal,2.42853989637977,2514.4,256.866943385182,4541331012.70089,14566727.0
Perak,2023,17107.518,5641.02361320425,18831.264,17.4424288997796,329.739452163911,1.100759560796604,6.732062804974029,24.2152046928051,not_available,,,,,,70.58333333333333,-7.633587786259553,decreasing,not_flagged,monitor,no_pressure_signal,2.3457677558445,2541.2,299.556291771187,5641023613.20425,17107518.0
Perak,2024,21776.217,7223.79803827434,23903.727,27.2903351614185,331.728786422102,1.0976987876268869,8.475214836148517,28.0582839852896,moderate_context,5722.5,4456.166666666667,3924.8333333333335,0.3513333333333333,8.975,68.08333333333333,-3.541912632821724,stable,not_flagged,monitor,no_pressure_signal,2.3549722911944,2569.4,302.203837848145,7223798038.27434,21776217.0
Perak,2025,23642.055,8018.53798306468,25696.5123230103,8.56823754098335,339.164170926118,1.0868984241433457,9.18566127904266,11.0016910852091,not_available,,,,,,61.75,-9.302325581395344,decreasing,not_flagged,monitor,no_pressure_signal,2.43937248808826,2573.8,312.04771613634,8018537983.06468,23642055.0
Perlis,2019,2087.37244564133,578.805530778065,2695.00103783132,-3.16099317725975,277.289053990664,1.2910973522999152,8.218001754493425,-6.15231493171819,not_available,,,,,,57.41666666666666,,not_available,not_available,insufficient_data,insufficient_data,2.55342085481156,254.0,214.770058583663,578805530.778065,2087372.4456413304
Perlis,2020,1193.108,224.066307262435,1246.963,-42.8416331502629,187.800523726633,1.045138411610684,4.187813267813268,-61.2881537325271,not_available,,,,,,44.25,-22.931785195936136,strongly_decreasing,not_flagged,monitor,no_pressure_signal,2.4461569279846,284.9,179.689619709996,224066307.262435,1193108.0
Perlis,2021,406.796,78.0132972300273,426.818,-65.9045115781639,191.774986061877,1.0492187730459492,1.4144506258692626,-65.182941521567,not_available,,,,,,34.5,-22.033898305084744,strongly_decreasing,not_flagged,monitor,no_pressure_signal,2.20914101234874,287.6,182.778836014478,78013297.2300273,406796.0
Perlis,2022,1669.175,455.618787502378,1799.569,310.322372884689,272.960466998594,1.0781188311591057,5.759748102139406,484.027087278411,moderate_context,5664.0,4713.0,3834.0,0.336,4.0,70.25,103.6231884057971,strongly_increasing,potential_emerging_digital_destination,positive_momentum,no_pressure_signal,2.34666728507533,289.8,253.182171676873,455618787.502378,1669175.0
Perlis,2023,1950.771,583.870113407444,2139.229,16.87037009301,299.302231480499,1.0966069313107485,6.655649948822926,28.1488229684551,not_available,,,,,,66.66666666666667,-5.100830367734275,decreasing,not_flagged,monitor,no_pressure_signal,2.20641466269676,293.1,272.934834656525,583870113.407444,1950771.0
Perlis,2024,3225.428,1002.81372997629,3660.074,65.3411907394564,310.908732105101,1.1347560695820835,10.867345013477088,71.75287909907,not_available,,,,,,59.91666666666666,-10.12500000000001,decreasing,not_flagged,monitor,high_intensity_monitor,2.48663839005127,296.8,273.987282764308,1002813729.97629,3225428.0
Perlis,2025,3755.682,1211.20382670128,4335.24011103116,16.4398027176548,322.499036580115,1.1543150115028804,12.64539393939394,20.7805388474205,not_available,,,,,,57.75,-3.616133518776074,stable,not_flagged,monitor,high_intensity_monitor,2.24678266562286,297.0,279.38563855306,1211203826.70128,3755682.0
Pulau Pinang,2019,15410.6252310139,6653.65601165969,21073.6211358388,6.6443003758152,431.757693923359,1.3674734684630518,8.71247468962794,7.93374298981246,not_available,,,,,,63.833333333333336,-17.099567099567096,strongly_decreasing,not_flagged,monitor,no_pressure_signal,2.50454943741912,1768.8,315.733872634929,6653656011.65969,15410625.231013902
Pulau Pinang,2020,8929.515,2427.15888222993,9231.124,-42.0561147510788,271.813069604556,1.033776638484845,5.1307256952424725,-63.5214252438563,not_available,,,,,,66.0,3.3942558746736253,stable,not_flagged,monitor,no_pressure_signal,2.03409916330196,1740.4,262.932106884268,2427158882.22993,8929515.0
Pulau Pinang,2021,5060.864,1158.8101313766,5160.445,-43.3243126866353,228.974762288929,1.019676679713187,2.908542528735632,-52.2565193461108,not_available,,,,,,62.66666666666666,-5.050505050505054,decreasing,not_flagged,monitor,no_pressure_signal,2.14043579846788,1740.0,224.556241056071,1158810131.3766,5060864.0
Pulau Pinang,2022,10002.735,3648.39930839687,11705.595,97.6487611601498,364.740174401988,1.170239439513293,5.745726348440462,214.840128646682,moderate_context,8990.5,6980.5,5946.5,0.3685,1.0499999999999998,79.16666666666667,26.329787234042566,strongly_increasing,potential_emerging_digital_destination,positive_momentum,no_pressure_signal,2.59063956089525,1740.9,311.679953765432,3648399308.3968697,10002735.0
Pulau Pinang,2023,13127.587,5814.73535455749,15350.976,31.2399758666005,442.940149972534,1.1693676834897382,7.405837188310956,59.3777123346875,not_available,,,,,,66.41666666666667,-16.105263157894736,strongly_decreasing,not_flagged,monitor,no_pressure_signal,2.40032874269824,1772.6,378.78603644208,5814735354.557489,13127587.0
Pulau Pinang,2024,16604.803,7424.29144738457,19159.576,26.4878534036758,447.117105055963,1.153857471238894,9.222328797556234,27.6806422766178,higher_prosperity,10112.0,8332.0,6319.0,0.383,0.4,53.333333333333336,-19.698870765370145,strongly_decreasing,not_flagged,monitor,no_pressure_signal,2.57711545505833,1800.5,387.497690313427,7424291447.38457,16604803.0
Pulau Pinang,2025,17717.979,8490.35816379311,21626.7382034512,6.70393981789486,479.19450428252,1.2206097661280215,9.819863104805188,14.3591711608263,not_available,,,,,,47.66666666666666,-10.625000000000009,decreasing,not_flagged,monitor,high_intensity_monitor,2.65290501816531,1804.3,392.586162736192,8490358163.793109,17717979.0
Sabah,2019,22035.0674727792,8080.66670997202,31437.7299652782,8.22787900636166,366.718491783807,1.426713578441023,5.6436501057215445,7.63353520038148,not_available,,,,,,82.08333333333333,2.6041666666666607,stable,not_flagged,positive_momentum,no_pressure_signal,2.78866164597109,3904.4,257.037219891411,8080666709.97202,22035067.4727792
Sabah,2020,10336.897,2676.77169855219,10861.33,-53.0888797469325,258.953117028465,1.050734083932538,3.023545396045396,-66.8743707094255,not_available,,,,,,51.41666666666666,-37.36040609137056,strongly_decreasing,not_flagged,monitor,no_pressure_signal,1.96210740287431,3418.8,246.449716429957,2676771698.5521903,10336897.0
Sabah,2021,3815.016,1052.02211208469,4006.255,-63.0932184000673,275.758243762199,1.050127968008522,1.117920647014007,-60.6981009006593,not_available,,,,,,48.66666666666666,-5.348460291734198,decreasing,not_flagged,monitor,no_pressure_signal,2.31287857012766,3412.6,262.594895253719,1052022112.08469,3815016.0
Sabah,2022,12589.005,4825.8695952754,17254.974,229.98564095144,383.340033249284,1.3706384261504383,3.6864930159009046,358.723209316622,higher_need,5368.62962962963,4121.222222222223,3056.740740740741,0.363037037037037,24.92962962962963,84.33333333333333,73.2876712328767,strongly_increasing,potential_emerging_digital_destination,emerging_opportunity,no_pressure_signal,3.0576352783597,3414.9,279.679911153468,4825869595.275399,12589005.0
Sabah,2023,16080.074,6712.51460553787,19900.312,27.7310955075481,417.443017086729,1.2375758967278383,4.470785442210916,39.0944051225405,not_available,,,,,,75.91666666666667,-9.980237154150188,decreasing,not_flagged,monitor,no_pressure_signal,2.67140939347793,3596.7,337.307003304163,6712514605.53787,16080074.0
Sabah,2024,20591.813,8634.24673303019,24105.849,28.0579492358057,419.30483406343,1.1706520936257532,5.502889631213255,28.6290941684787,higher_need,5667.111111111111,4421.037037037037,3264.4814814814813,0.358074074074074,22.05185185185185,65.75,-13.391877058177831,decreasing,not_flagged,monitor,no_pressure_signal,3.01161889379518,3742.0,358.180569911899,8634246733.03019,20591813.0
Sabah,2025,22361.168,9753.3273839687,26440.7605734467,8.5925168415234,436.172537318655,1.1824409428633915,5.955831135970169,12.9609528837934,not_available,,,,,,67.45833333333333,2.598225602027876,stable,not_flagged,positive_momentum,no_pressure_signal,3.14553107015999,3754.5,368.874690910501,9753327383.9687,22361168.0
Sarawak,2019,19793.3756868456,8670.74332850991,24880.0073570829,2.13178834070735,438.062888599258,1.2569865671583147,7.053947144278546,6.45730405363751,not_available,,,,,,48.66666666666666,,not_available,not_available,insufficient_data,insufficient_data,3.42690401258299,2806.0,348.502442305006,8670743328.50991,19793375.6868456
Sarawak,2020,9393.255,3384.67058146855,11077.444,-52.5434410551676,360.329894319759,1.1792976981887535,3.828200268981538,-60.9644703662308,not_available,,,,,,54.25,11.472602739726034,increasing,not_flagged,monitor,no_pressure_signal,2.55178605762645,2453.7,305.546169447442,3384670581.46855,9393255.0
Sarawak,2021,6510.9,1935.25867544385,7137.26,-30.6853694486097,297.233665920817,1.0962017539817843,2.6406959766385465,-42.8228352253951,not_available,,,,,,39.083333333333336,-27.956989247311824,strongly_decreasing,not_flagged,monitor,no_pressure_signal,3.0323043039809,2465.6,271.148686673015,1935258675.44385,6510900.0
Sarawak,2022,15464.621,5430.77227763946,19290.587,137.518945153512,351.173965248774,1.2474012133889347,6.252120881342227,180.622551731691,higher_need,4925.4,3982.625,3130.55,0.3415249999999999,14.5,54.833333333333336,40.298507462686565,strongly_increasing,potential_emerging_digital_destination,inclusive_growth_opportunity,no_pressure_signal,3.51641852644725,2473.5,281.524469817298,5430772277.639461,15464621.0
Sarawak,2023,17901.19,6942.67318117489,21076.631,15.7557627826767,387.833053622407,1.177387145770756,7.153894417136233,27.8395194318955,not_available,,,,,,52.16666666666666,-4.863221884498489,stable,not_flagged,monitor,no_pressure_signal,3.4815000820848,2502.3,329.401467491407,6942673181.17489,17901190.0
Sarawak,2024,19625.552,7956.67071248269,23362.065,9.63266687857065,405.424046797904,1.190390211699523,7.795651241310824,14.6052897039322,higher_need,5314.5,4323.775,3428.45,0.3202,11.295,48.16666666666666,-7.667731629392971,decreasing,not_flagged,monitor,no_pressure_signal,3.09151608473914,2517.5,340.580796795262,7956670712.48269,19625552.0
Sarawak,2025,22721.527,9138.37553459759,26387.9678248999,15.775225073924,402.19020203165,1.161364191099476,8.984747123255168,14.8517497432815,not_available,,,,,,47.16666666666666,-2.0761245674740487,stable,not_flagged,monitor,no_pressure_signal,3.10314238263994,2528.9,346.308423416166,9138375534.59759,22721527.0
Selangor,2019,33588.5269586995,15544.408509962,45766.3686716109,11.2975062849403,462.789229461461,1.3625595646955668,5.162620764928221,17.8558753116377,not_available,,,,,,34.666666666666664,-15.44715447154472,strongly_decreasing,not_flagged,monitor,no_pressure_signal,2.23511176713951,6506.1,339.646971371017,15544408509.962,33588526.958699495
Selangor,2020,19714.734,7051.46346613165,21897.63,-41.3051545123093,357.674796227616,1.1107240909261065,2.8186454878188267,-54.6366562509435,not_available,,,,,,43.75,26.201923076923084,strongly_increasing,rising_search_interest,monitor,no_pressure_signal,1.64066150657808,6994.4,322.019481840348,7051463466.13165,19714734.0
Selangor,2021,10211.58,3158.5633823777,11319.209,-48.2033082465125,309.311916704143,1.1084679354223343,1.455740088670934,-55.2069808267694,not_available,,,,,,55.833333333333336,27.619047619047628,strongly_increasing,potential_emerging_digital_destination,monitor,no_pressure_signal,1.83160904055607,7014.7,279.044532385408,3158563382.3777,10211580.0
Selangor,2022,21989.558,8734.80808554066,25987.93,115.339428374453,397.225268718028,1.1818304851784651,3.118953519708381,176.543701300218,higher_prosperity,11087.444444444443,9196.333333333334,6130.777777777777,0.3252222222222222,1.8666666666666667,52.0,-6.8656716417910495,decreasing,not_flagged,monitor,no_pressure_signal,2.32250757479501,7050.3,336.110189828149,8734808085.54066,21989558.0
Selangor,2023,27579.478,11102.7131520834,28949.304,25.4207929054326,402.571548021446,1.0496683077177893,3.8253294866638,27.1088390649647,not_available,,,,,,55.16666666666666,6.089743589743586,increasing,not_flagged,positive_momentum,no_pressure_signal,2.24207367577779,7209.7,383.522628111661,11102713152.0834,27579478.0
Selangor,2024,34460.8280456694,14226.1256382058,37022.639,24.9509800209757,412.820191649269,1.0743397967958157,4.680460706761025,28.1319749806947,higher_prosperity,12117.777777777776,9654.666666666666,6671.111111111111,0.2977777777777777,1.0555555555555556,41.5,-24.773413897280964,strongly_decreasing,not_flagged,monitor,no_pressure_signal,2.24075512447905,7362.7,384.254770120676,14226125638.2058,34460828.0456694
Selangor,2025,36376.442,15761.7254823629,40803.4992333148,5.55881580033981,433.294863812215,1.1217012162243574,4.909962881477183,10.7942238330377,not_available,,,,,,39.833333333333336,-4.016064257028107,stable,not_flagged,monitor,no_pressure_signal,2.31387210011661,7408.7,386.283671217442,15761725482.3629,36376442.0
Terengganu,2019,14158.2836313106,5990.01250659243,24902.0224648954,3.02653310223866,423.074764044543,1.7588305979282233,11.376684316039052,7.24527463386333,not_available,,,,,,40.25,15.0,strongly_increasing,not_flagged,positive_momentum,possible_pressure,2.5783696197242,1244.5,240.54321350953,5990012506.59243,14158283.6313106
Terengganu,2020,7419.729,2254.5058315233,10084.391,-47.5944316895058,303.852853860741,1.359131984470053,6.455306246737428,-62.3622516807426,not_available,,,,,,55.5,37.88819875776397,strongly_increasing,potential_emerging_digital_destination,monitor,no_pressure_signal,2.0600272733523,1149.4,223.563905001631,2254505831.5233,7419729.0
Terengganu,2021,3719.052,984.111528570248,4128.968,-49.8761747228234,264.613543604727,1.1102205615839735,3.176776287691125,-56.3491247256915,not_available,,,,,,59.583333333333336,7.357357357357362,increasing,not_flagged,monitor,no_pressure_signal,2.19970922273613,1170.7,238.343220041969,984111528.570248,3719052.0
Terengganu,2022,10233.282,3363.29891312298,12791.324,175.158346804508,328.662780242251,1.249972784879768,8.624036743637284,241.75993426368,moderate_context,6983.5,5723.5,4689.125,0.31025,6.7625,68.0,14.12587412587412,increasing,not_flagged,positive_momentum,no_pressure_signal,2.68542326435746,1186.6,262.93594886057,3363298913.12298,10233282.0
Terengganu,2023,11760.516,4192.31725641659,13868.81,14.9241856131787,356.473921417784,1.1792688348028266,9.7194347107438,24.6489641482335,not_available,,,,,,63.583333333333336,-6.495098039215683,decreasing,not_flagged,monitor,no_pressure_signal,2.59412179953652,1210.0,302.283848175625,4192317256.4165897,11760516.0
Terengganu,2024,14460.728,5170.36305105575,16499.305,22.9599789669093,357.545142336939,1.1409733313564852,11.7423694681283,23.3294794935236,moderate_context,7515.0,6710.714285714285,5147.571428571428,0.2831428571428571,5.542857142857143,51.083333333333336,-19.65923984272608,strongly_decreasing,not_flagged,monitor,high_intensity_monitor,2.49733881394776,1231.5,313.368535890194,5170363051.05575,14460728.0
Terengganu,2025,15462.278,5795.14407298498,18201.3174474076,6.92599985284283,374.792386541296,1.177143332140814,12.411525124418043,12.0838907395808,not_available,,,,,,47.16666666666666,-7.667210440456778,decreasing,not_flagged,monitor,high_intensity_monitor,2.75842209863769,1245.8,318.391462031798,5795144072.98498,15462278.0
W.P. Kuala Lumpur,2019,22633.0,12141.0,28991.0,18.09,536.0,1.2809172447311448,12.69733520336606,18.63,not_available,,,,,,92.33333333333331,,not_available,not_available,insufficient_data,insufficient_data,2.39,1782.5,419.0,12141000000.0,22633000.0
W.P. Kuala Lumpur,2020,12435.0,5273.0,13223.0,-45.06,424.0,1.0633695215118617,6.273649159981837,-56.57,not_available,,,,,,38.16666666666666,-58.66425992779784,strongly_decreasing,not_flagged,monitor,no_pressure_signal,1.83,1982.1,399.0,5273000000.0,12435000.0
W.P. Kuala Lumpur,2021,9116.0,3084.0,10824.0,-26.69,338.0,1.1873628784554628,4.641547861507128,-41.52,not_available,,,,,,27.83333333333333,-27.07423580786026,strongly_decreasing,not_flagged,monitor,no_pressure_signal,2.18,1964.0,285.0,3084000000.0,9116000.0
W.P. Kuala Lumpur,2022,16913.0,7733.0,19878.0,85.53,457.0,1.1753089339561285,8.623801754028145,150.78,higher_prosperity,13325.0,10234.0,7823.0,0.38,1.4,58.91666666666666,111.67664670658684,strongly_increasing,potential_emerging_digital_destination,positive_momentum,no_pressure_signal,3.09,1961.2,389.0,7733000000.0,16913000.0
W.P. Kuala Lumpur,2023,22233.0,10995.0,24012.0,31.46,495.0,1.0800161921468088,11.084908012165329,42.19,not_available,,,,,,72.08333333333333,22.347949080622342,strongly_increasing,not_flagged,positive_momentum,possible_pressure,2.7,2005.7,458.0,10995000000.0,22233000.0
W.P. Kuala Lumpur,2024,26983.0,14078.0,30640.0,21.37,522.0,1.1355297780083755,13.051027811366383,28.03,not_available,,,,,,80.16666666666667,11.213872832369956,increasing,not_flagged,positive_momentum,possible_pressure,2.23,2067.5,459.0,14078000000.0,26983000.0
W.P. Kuala Lumpur,2025,35060.0,16906.0,36169.0,29.93,482.0,1.031631488876212,16.894757131842717,20.09,not_available,,,,,,82.66666666666667,3.1185031185031185,stable,not_flagged,positive_momentum,possible_pressure,2.33,2075.2,467.0,16906000000.0,35060000.0
W.P. Labuan,2019,524.0,392.0,774.0,-3.87,748.0,1.4770992366412214,5.276938569989929,0.23,not_available,,,,,,59.75,,not_available,not_available,insufficient_data,insufficient_data,3.05,99.3,506.0,392000000.0,524000.0
W.P. Labuan,2020,108.0,60.0,109.0,-79.47,562.0,1.0092592592592593,1.135646687697161,-84.58,not_available,,,,,,34.583333333333336,-42.119944211994415,strongly_decreasing,not_flagged,monitor,no_pressure_signal,1.57,95.1,553.0,60000000.0,108000.0
W.P. Labuan,2021,54.0,29.0,54.0,-49.88,545.0,1.0,0.5625,-51.43,not_available,,,,,,28.33333333333333,-18.072289156626518,strongly_decreasing,not_flagged,monitor,no_pressure_signal,2.52,96.0,545.0,29000000.0,54000.0
W.P. Labuan,2022,244.0,136.0,263.0,352.13,559.0,1.0778688524590163,2.518059855521156,364.27,moderate_context,8250.0,6904.0,4176.0,0.3,2.5,52.833333333333336,86.47058823529413,strongly_increasing,potential_emerging_digital_destination,emerging_opportunity,no_pressure_signal,3.67,96.9,518.0,136000000.0,244000.0
W.P. Labuan,2023,331.0,194.0,373.0,35.97,586.0,1.1268882175226589,3.3434343434343434,42.39,not_available,,,,,,56.66666666666666,7.2555205047318525,increasing,not_flagged,positive_momentum,no_pressure_signal,2.89,99.0,521.0,194000000.0,331000.0
W.P. Labuan,2024,450.0,265.0,482.0,35.69,588.0,1.0711111111111111,4.464285714285714,36.33,not_available,,,,,,74.08333333333333,30.73529411764705,strongly_increasing,potential_emerging_digital_destination,emerging_opportunity,no_pressure_signal,2.84,100.8,549.0,265000000.0,450000.0
W.P. Labuan,2025,604.0,379.0,681.0,34.41,628.0,1.1274834437086092,5.986124876114965,43.36,not_available,,,,,,80.25,8.323959505061875,increasing,not_flagged,positive_momentum,no_pressure_signal,2.51,100.9,557.0,379000000.0,604000.0
W.P. Putrajaya,2019,1949.0,849.0,2637.0,3.01,435.0,1.3530015392508978,18.79459980713597,-15.81,not_available,,,,,,53.833333333333336,,not_available,not_available,insufficient_data,insufficient_data,3.04,103.7,322.0,849000000.0,1949000.0
W.P. Putrajaya,2020,451.0,142.0,456.0,-76.85,315.0,1.0110864745011086,4.13003663003663,-83.28,not_available,,,,,,31.75,-41.021671826625386,strongly_decreasing,not_flagged,monitor,no_pressure_signal,1.98,109.2,311.0,142000000.0,451000.0
W.P. Putrajaya,2021,223.0,68.0,234.0,-50.57,304.0,1.0493273542600896,1.9357638888888888,-52.18,not_available,,,,,,34.75,9.448818897637794,increasing,not_flagged,monitor,no_pressure_signal,2.23,115.2,290.0,68000000.0,223000.0
W.P. Putrajaya,2022,1306.0,456.0,1551.0,485.55,349.0,1.1875957120980092,11.162393162393162,572.01,higher_prosperity,13473.0,10056.0,8897.0,0.368,0.1,68.83333333333333,98.08153477218224,strongly_increasing,potential_emerging_digital_destination,positive_momentum,possible_pressure,2.68,117.0,294.0,456000000.0,1306000.0
W.P. Putrajaya,2023,1900.0,670.0,1965.0,45.53,352.0,1.0342105263157897,15.993265993265991,46.87,not_available,,,,,,78.5,14.043583535108969,increasing,not_flagged,positive_momentum,possible_pressure,2.08,118.8,341.0,670000000.0,1900000.0
W.P. Putrajaya,2024,2557.0,937.0,2711.0,34.54,366.0,1.060226828314431,21.255195344970907,39.9,not_available,,,,,,77.75,-0.9554140127388536,stable,not_flagged,monitor,high_intensity_monitor,2.14,120.3,346.0,937000000.0,2557000.0
W.P. Putrajaya,2025,3146.0,1236.0,3479.0,23.06,393.0,1.1058486967577876,26.06462303231152,31.9,not_available,,,,,,68.25,-12.218649517684888,decreasing,not_flagged,monitor,high_intensity_monitor,2.5,120.7,355.0,1236000000.0,3146000.0
