state,year,domestic_visitors_000,tourism_receipts_rm_million,tourism_growth_pct,tourism_value_growth_pct,tourism_intensity,google_search_interest,search_interest_growth_pct
Johor,2019,14274.3642667527,7409.67789125131,5.83608267248652,10.1579642985956,3.795162253204482,71.58333333333333,-14.781746031746037
Johor,2020,7242.508,2431.61988775028,-49.2621326970829,-67.183190370241,1.8062468513853904,72.41666666666667,1.1641443538998968
Johor,2021,3657.55,1251.84930290302,-49.4988476367579,-48.5178868124317,0.9098383084577116,67.25,-7.134637514384357
Johor,2022,12376.202,4888.35148006201,238.374102883077,290.490410365369,3.0723138793039246,85.58333333333333,27.261462205700116
Johor,2023,15804.89,6699.11884569231,27.7038787828447,37.0424952668774,3.848093591741333,75.5,-11.781888997078866
Johor,2024,17138.338,7814.41585763373,8.43693312639315,16.6484135844012,4.095769524902018,68.16666666666667,-9.713024282560701
Johor,2025,18196.973,8722.92495205821,6.17699919327068,11.6260653512185,4.328387288599225,68.58333333333333,0.6112469437652672
Kedah,2019,14831.1555133218,5208.13192969844,2.42497701428575,10.2376026405955,6.823000190146663,48.916666666666664,-7.704402515723274
Kedah,2020,10108.084,2272.69214593496,-31.8456071010744,-56.3626233626045,4.742462231397204,58.666666666666664,19.931856899488928
Kedah,2021,4023.002,842.205404074748,-60.2001526698828,-62.942389466116,1.869685365060185,58.666666666666664,0.0
Kedah,2022,11186.197,3469.82268561478,178.055964177994,311.992450870907,5.171373029448477,63.5,8.238636363636367
Kedah,2023,13444.055,4206.61948328264,20.1843218030221,21.2344221715559,6.1408007125565245,60.0,-5.511811023622047
Kedah,2024,14651.4879543306,4961.15023607227,8.98116642880886,17.9367483982847,6.6084019459341485,47.75,-20.416666666666668
Kedah,2025,15607.884,5520.25004061484,6.52763766144799,11.2695600402782,7.008164878092587,48.416666666666664,1.3961605584642185
Kelantan,2019,10985.6520100096,4800.04103126423,11.5733728270763,19.9591838148889,5.831644553567045,46.666666666666664,6.060606060606055
Kelantan,2020,6058.183,1555.12261713697,-44.8536782843652,-67.6018890878651,3.379739470013947,58.0,24.285714285714292
Kelantan,2021,1920.93,477.222127559975,-68.291977974254,-69.312893896524,1.0599404072173482,57.75,-0.43103448275862066
Kelantan,2022,6627.155,2586.22406280686,244.997214890704,441.932972812925,3.6202092210204304,71.75,24.242424242424242
Kelantan,2023,7549.37,3228.385093431,13.9156998742296,24.830061704986,4.059237552424992,72.33333333333333,0.8130081300812941
Kelantan,2024,10514.411,4540.61133613717,39.2753435054846,40.6465215496206,5.569368610625562,58.583333333333336,-19.009216589861744
Kelantan,2025,12062.016,5239.00827617872,14.7188939066582,15.3811213587749,6.325458073312706,54.5,-6.970128022759606
Melaka,2019,13978.9741697121,6369.89280746409,6.52591509698714,14.493599565688,15.057059639931174,62.666666666666664,-19.65811965811966
Melaka,2020,7274.547,2372.6250612483,-47.960795179366,-62.7525119658511,7.286204927884615,56.0,-10.638297872340424
Melaka,2021,3878.14,1004.11271080667,-46.6889141000807,-57.6792504131108,3.860766550522648,46.25,-17.410714285714285
Melaka,2022,11757.166,4842.59364655733,203.165073978763,382.275903336285,11.656916517945666,69.75,50.810810810810814
Melaka,2023,15558.661,6438.41105660879,32.3334296717423,32.9537749091533,15.13046873480502,60.0,-13.978494623655912
Melaka,2024,19128.405,7933.20647467174,22.9437738890255,23.216837274293,18.274964173115503,59.666666666666664,-0.5555555555555595
Melaka,2025,20832.201530282,8732.39649344146,8.90715420486967,10.0739848549421,19.802472937530418,54.416666666666664,-8.798882681564246
Negeri Sembilan,2019,13303.0418435376,5071.03036849894,3.91281272360908,4.98921414600528,11.812326268458175,48.333333333333336,-3.3333333333333286
Negeri Sembilan,2020,7917.736,2232.9800948256,-40.4817627943769,-55.9659490762116,6.598113333333333,63.416666666666664,31.206896551724128
Negeri Sembilan,2021,5485.17,1213.38512045771,-30.7229996049376,-45.6607283123821,4.555032386646737,70.0,10.381077529566364
Negeri Sembilan,2022,11490.144,3651.3406055165,109.476533999858,200.921821436145,9.51249606755526,72.0,2.857142857142857
Negeri Sembilan,2023,14959.47,4777.28125500884,30.1939296844322,30.8363631645662,12.212809208915012,63.666666666666664,-11.574074074074076
Negeri Sembilan,2024,17784.532,5869.462129308,18.8847733241886,22.8619755881871,14.348150060508267,56.166666666666664,-11.780104712041885
Negeri Sembilan,2025,19356.545,6529.26193925348,8.83921488628432,11.2412312305569,15.561174531714766,58.083333333333336,3.4124629080118782
Pahang,2019,18497.5783549097,7600.74634258733,2.13248398575252,2.64575118492816,11.067116402363109,60.5,16.346153846153847
Pahang,2020,9905.002,2748.04988629641,-46.4524392871623,-63.8449993930338,6.224471815496764,66.91666666666667,10.606060606060613
Pahang,2021,3404.772,914.378229522129,-65.6257313224167,-66.7262870997422,2.125989384951608,59.333333333333336,-11.332503113325034
Pahang,2022,13188.959,5316.78906097375,287.366878017089,481.464965953138,8.170079291333705,61.75,4.073033707865164
Pahang,2023,16455.567,6733.34364809185,24.7677470223389,26.6430465996081,10.014342137293086,55.416666666666664,-10.25641025641026
Pahang,2024,20173.876,8709.75913589491,22.5960551830271,29.3526602992134,12.096825568147748,49.916666666666664,-9.92481203007519
Pahang,2025,23161.166,9846.76892463924,14.8077146900278,13.054434353511,13.812718272900764,52.25,4.674457429048419
Perak,2019,21070.7209104421,7824.05505390701,20.0394656170629,20.9561938304968,8.398724852695352,62.5,-6.7164179104477615
Perak,2020,13173.306,3317.0693364196,-37.4805159444181,-57.6042178440041,5.277766826923077,75.83333333333333,21.333333333333325
Perak,2021,4489.273,1159.53265234848,-65.9214399179674,-65.0434605144533,1.7844315923364336,72.66666666666667,-4.175824175824164
Perak,2022,14566.727,4541.33101270089,224.478529151602,291.651843827168,5.793321269487751,76.41666666666667,5.160550458715596
Perak,2023,17107.518,5641.02361320425,17.4424288997796,24.2152046928051,6.732062804974029,70.58333333333333,-7.633587786259553
Perak,2024,21776.217,7223.79803827434,27.2903351614185,28.0582839852896,8.475214836148517,68.08333333333333,-3.541912632821724
Perak,2025,23642.055,8018.53798306468,8.56823754098335,11.0016910852091,9.18566127904266,61.75,-9.302325581395344
Perlis,2019,2087.37244564133,578.805530778065,-3.16099317725975,-6.15231493171819,8.218001754493425,57.416666666666664,
Perlis,2020,1193.108,224.066307262435,-42.8416331502629,-61.2881537325271,4.187813267813268,44.25,-22.931785195936136
Perlis,2021,406.796,78.0132972300273,-65.9045115781639,-65.182941521567,1.4144506258692626,34.5,-22.033898305084744
Perlis,2022,1669.175,455.618787502378,310.322372884689,484.027087278411,5.759748102139406,70.25,103.6231884057971
Perlis,2023,1950.771,583.870113407444,16.87037009301,28.1488229684551,6.655649948822926,66.66666666666667,-5.100830367734275
Perlis,2024,3225.428,1002.81372997629,65.3411907394564,71.75287909907,10.867345013477088,59.916666666666664,-10.12500000000001
Perlis,2025,3755.682,1211.20382670128,16.4398027176548,20.7805388474205,12.64539393939394,57.75,-3.616133518776074
Pulau Pinang,2019,15410.6252310139,6653.65601165969,6.6443003758152,7.93374298981246,8.71247468962794,63.833333333333336,-17.099567099567096
Pulau Pinang,2020,8929.515,2427.15888222993,-42.0561147510788,-63.5214252438563,5.1307256952424725,66.0,3.3942558746736253
Pulau Pinang,2021,5060.864,1158.8101313766,-43.3243126866353,-52.2565193461108,2.908542528735632,62.666666666666664,-5.050505050505054
Pulau Pinang,2022,10002.735,3648.39930839687,97.6487611601498,214.840128646682,5.745726348440462,79.16666666666667,26.329787234042566
Pulau Pinang,2023,13127.587,5814.73535455749,31.2399758666005,59.3777123346875,7.405837188310956,66.41666666666667,-16.105263157894736
Pulau Pinang,2024,16604.803,7424.29144738457,26.4878534036758,27.6806422766178,9.222328797556234,53.333333333333336,-19.698870765370142
Pulau Pinang,2025,17717.979,8490.35816379311,6.70393981789486,14.3591711608263,9.819863104805188,47.666666666666664,-10.625000000000009
Sabah,2019,22035.0674727792,8080.66670997202,8.22787900636166,7.63353520038148,5.6436501057215445,82.08333333333333,2.6041666666666607
Sabah,2020,10336.897,2676.77169855219,-53.0888797469325,-66.8743707094255,3.023545396045396,51.416666666666664,-37.36040609137056
Sabah,2021,3815.016,1052.02211208469,-63.0932184000673,-60.6981009006593,1.117920647014007,48.666666666666664,-5.348460291734198
Sabah,2022,12589.005,4825.8695952754,229.98564095144,358.723209316622,3.6864930159009046,84.33333333333333,73.2876712328767
Sabah,2023,16080.074,6712.51460553787,27.7310955075481,39.0944051225405,4.470785442210916,75.91666666666667,-9.980237154150187
Sabah,2024,20591.813,8634.24673303019,28.0579492358057,28.6290941684787,5.502889631213255,65.75,-13.391877058177831
Sabah,2025,22361.168,9753.3273839687,8.5925168415234,12.9609528837934,5.955831135970169,67.45833333333333,2.5982256020278762
Sarawak,2019,19793.3756868456,8670.74332850991,2.13178834070735,6.45730405363751,7.053947144278546,48.666666666666664,
Sarawak,2020,9393.255,3384.67058146855,-52.5434410551676,-60.9644703662308,3.828200268981538,54.25,11.472602739726034
Sarawak,2021,6510.9,1935.25867544385,-30.6853694486097,-42.8228352253951,2.6406959766385465,39.083333333333336,-27.956989247311824
Sarawak,2022,15464.621,5430.77227763946,137.518945153512,180.622551731691,6.252120881342227,54.833333333333336,40.298507462686565
Sarawak,2023,17901.19,6942.67318117489,15.7557627826767,27.8395194318955,7.153894417136233,52.166666666666664,-4.863221884498489
Sarawak,2024,19625.552,7956.67071248269,9.63266687857065,14.6052897039322,7.795651241310824,48.166666666666664,-7.667731629392971
Sarawak,2025,22721.527,9138.37553459759,15.775225073924,14.8517497432815,8.984747123255168,47.166666666666664,-2.0761245674740487
Selangor,2019,33588.5269586995,15544.408509962,11.2975062849403,17.8558753116377,5.162620764928221,34.666666666666664,-15.44715447154472
Selangor,2020,19714.734,7051.46346613165,-41.3051545123093,-54.6366562509435,2.8186454878188267,43.75,26.201923076923084
Selangor,2021,10211.58,3158.5633823777,-48.2033082465125,-55.2069808267694,1.455740088670934,55.833333333333336,27.619047619047628
Selangor,2022,21989.558,8734.80808554066,115.339428374453,176.543701300218,3.118953519708381,52.0,-6.8656716417910495
Selangor,2023,27579.478,11102.7131520834,25.4207929054326,27.1088390649647,3.8253294866638,55.166666666666664,6.089743589743586
Selangor,2024,34460.8280456694,14226.1256382058,24.9509800209757,28.1319749806947,4.680460706761025,41.5,-24.773413897280964
Selangor,2025,36376.442,15761.7254823629,5.55881580033981,10.7942238330377,4.909962881477183,39.833333333333336,-4.016064257028107
Terengganu,2019,14158.2836313106,5990.01250659243,3.02653310223866,7.24527463386333,11.376684316039052,40.25,15.0
Terengganu,2020,7419.729,2254.5058315233,-47.5944316895058,-62.3622516807426,6.455306246737428,55.5,37.88819875776397
Terengganu,2021,3719.052,984.111528570248,-49.8761747228234,-56.3491247256915,3.176776287691125,59.583333333333336,7.357357357357362
Terengganu,2022,10233.282,3363.29891312298,175.158346804508,241.75993426368,8.624036743637284,68.0,14.125874125874121
Terengganu,2023,11760.516,4192.31725641659,14.9241856131787,24.6489641482335,9.7194347107438,63.583333333333336,-6.495098039215683
Terengganu,2024,14460.728,5170.36305105575,22.9599789669093,23.3294794935236,11.7423694681283,51.083333333333336,-19.65923984272608
Terengganu,2025,15462.278,5795.14407298498,6.92599985284283,12.0838907395808,12.411525124418043,47.166666666666664,-7.6672104404567785
W.P. Kuala Lumpur,2019,22633.0,12141.0,18.09,18.63,12.69733520336606,92.33333333333333,
W.P. Kuala Lumpur,2020,12435.0,5273.0,-45.06,-56.57,6.273649159981837,38.166666666666664,-58.664259927797836
W.P. Kuala Lumpur,2021,9116.0,3084.0,-26.69,-41.52,4.641547861507128,27.833333333333332,-27.07423580786026
W.P. Kuala Lumpur,2022,16913.0,7733.0,85.53,150.78,8.623801754028145,58.916666666666664,111.67664670658684
W.P. Kuala Lumpur,2023,22233.0,10995.0,31.46,42.19,11.084908012165329,72.08333333333333,22.347949080622346
W.P. Kuala Lumpur,2024,26983.0,14078.0,21.37,28.03,13.051027811366383,80.16666666666667,11.213872832369956
W.P. Kuala Lumpur,2025,35060.0,16906.0,29.93,20.09,16.894757131842717,82.66666666666667,3.1185031185031185
W.P. Labuan,2019,524.0,392.0,-3.87,0.23,5.276938569989929,59.75,
W.P. Labuan,2020,108.0,60.0,-79.47,-84.58,1.135646687697161,34.583333333333336,-42.119944211994415
W.P. Labuan,2021,54.0,29.0,-49.88,-51.43,0.5625,28.333333333333332,-18.072289156626514
W.P. Labuan,2022,244.0,136.0,352.13,364.27,2.518059855521156,52.833333333333336,86.47058823529413
W.P. Labuan,2023,331.0,194.0,35.97,42.39,3.3434343434343434,56.666666666666664,7.2555205047318525
W.P. Labuan,2024,450.0,265.0,35.69,36.33,4.464285714285714,74.08333333333333,30.735294117647054
W.P. Labuan,2025,604.0,379.0,34.41,43.36,5.986124876114965,80.25,8.323959505061875
W.P. Putrajaya,2019,1949.0,849.0,3.01,-15.81,18.79459980713597,53.833333333333336,
W.P. Putrajaya,2020,451.0,142.0,-76.85,-83.28,4.13003663003663,31.75,-41.021671826625386
W.P. Putrajaya,2021,223.0,68.0,-50.57,-52.18,1.9357638888888888,34.75,9.448818897637794
W.P. Putrajaya,2022,1306.0,456.0,485.55,572.01,11.162393162393162,68.83333333333333,98.08153477218224
W.P. Putrajaya,2023,1900.0,670.0,45.53,46.87,15.993265993265991,78.5,14.043583535108967
W.P. Putrajaya,2024,2557.0,937.0,34.54,39.9,21.255195344970907,77.75,-0.9554140127388535
W.P. Putrajaya,2025,3146.0,1236.0,23.06,31.9,26.06462303231152,68.25,-12.218649517684888
